20170529|AALI|Astra Agro Lestari Tbk.|14700|14700|14450|14525|487800|7100962500|1179.975|0|14550|100|J|14525|86100|B|3.85|2.26|1.06|14700
20170529|ABBA|Mahaka Media Tbk.|50|50|50|50|9400|470000|87.72|0|50|123100|J|0|0|B|3.85|2.26|1.06|0
20170529|ABDA|Asuransi Bina Dana Arta Tbk.|6400|0|0|6400|0|0|1461.124|0|6400|4300|J|0|0|B|3.85|2.26|1.06|0
20170529|ABMM|ABM Investama Tbk.|2350|0|0|2350|0|0|62.667|0|2400|100|J|2290|100|B|3.85|2.26|1.06|0
20170529|ACES|Ace Hardware Indonesia Tbk.|1015|1045|980|980|19677300|20121505500|1195.122|0|995|624500|J|980|27800|B|3.85|2.26|1.06|0
20170529|ACST|Acset Indonusa Tbk.|3200|3190|3060|3100|443700|1375475000|130.182|0|3100|50000|J|3080|17700|B|3.85|2.26|1.06|0
20170529|ADES|Akasha Wira International Tbk.|1080|1080|1060|1060|41800|44423000|55.065|0|1070|10200|J|1060|2800|B|3.85|2.26|1.06|0
20170529|ADHI|Adhi Karya (Persero) Tbk.|2320|2350|2290|2300|5858800|13491055000|1806.288|0|2300|550400|J|2290|80000|B|3.85|2.26|1.06|2350
20170529|ADMF|Adira Dinamika Multi Finance Tbk.|6550|6475|6350|6450|372900|2403020000|277.42|0|6450|3400|J|6425|4700|B|3.85|2.26|1.06|0
20170529|ADMG|Polychem Indonesia Tbk|214|224|204|224|6364900|1366655600|19.994|0|226|27200|J|224|302700|B|3.85|2.26|1.06|0
20170529|ADRO|Adaro Energy Tbk.|1485|1490|1465|1465|7618700|11220481000|133.182|0|1470|161200|J|1465|95500|B|3.85|2.26|1.06|1485
20170529|AGII|Aneka Gas Industri Tbk.|940|940|920|930|163000|151934500|84.546|0|930|107900|J|925|1000|B|3.85|2.26|1.06|0
20170529|AGRO|Bank Rakyat Indonesia Agroniaga Tbk.|795|820|780|795|9187800|7358585500|1208.997|0|795|489300|J|790|510200|B|3.85|2.26|1.06|0
20170529|AGRO-W|Waran Seri II Bank Rakyat Indonesia Agro|665|675|650|665|26100|17334000|66500|0|675|3800|J|665|2100|B|3.85|2.26|1.06|0
20170529|AGRS|Bank Agris Tbk.|218|218|189|192|3692200|735738600|174.546|0|197|6900|J|192|13000|B|3.85|2.26|1.06|0
20170529|AHAP|Asuransi Harta Aman Pratama Tbk.|190|0|0|190|0|0|383.25|0|210|6000|J|190|100|B|3.85|2.26|1.06|0
20170529|AIMS|Akbar Indo Makmur Stimec Tbk|144|132|122|132|2900|372800|105.6|0|133|200|J|132|100|B|3.85|2.26|1.06|0
20170529|AISA|Tiga Pilar Sejahtera Food Tbk.|2140|2170|2130|2130|271300|580665000|259.255|0|2140|11500|J|2130|32500|B|3.85|2.26|1.06|0
20170529|AKKU|Anugerah Kagum Karya Utama Tbk.|54|57|54|54|108800|5969700|81.965|0|55|384900|J|54|132000|B|3.85|2.26|1.06|0
20170529|AKPI|Argha Karya Prima Industry Tbk.|900|0|0|900|0|0|118.72|0|850|200|J|700|4000|B|3.85|2.26|1.06|0
20170529|AKRA|AKR Corporindo Tbk.|6300|6300|6200|6200|8037700|50167640000|4941.381|0|6200|300|J|6175|186900|B|3.85|2.26|1.06|6275
20170529|AKSI|Majapahit Inti Corpora Tbk.|125|0|0|125|0|0|62.5|0|0|0|J|0|0|B|3.85|2.26|1.06|0
20170529|ALDO|Alkindo Naratama Tbk.|600|0|0|600|0|0|266.667|0|750|500|J|0|0|B|3.85|2.26|1.06|0
20170529|ALKA|Alakasa Industrindo Tbk|147|140|138|140|1300|180000|23.57|0|140|2000|J|138|400|B|3.85|2.26|1.06|0
20170529|ALMI|Alumindo Light Metal Industry Tbk.|197|196|196|196|8000|1568000|30.154|0|196|3100|J|193|2000|B|3.85|2.26|1.06|0
20170529|ALTO|Tri Banyan Tirta Tbk.|324|0|0|324|0|0|161.874|0|320|15000|J|250|100|B|3.85|2.26|1.06|0
20170529|ALTO-W|Waran Seri I Tri Banyan Tirta Tbk.|30|0|0|30|0|0|3000|0|0|0|J|1|1000|B|3.85|2.26|1.06|0
20170529|AMAG|Asuransi Multi Artha Guna Tbk.|410|480|410|480|12700|5237000|457.143|0|480|1900|J|412|3000|B|3.85|2.26|1.06|0
20170529|AMFG|Asahimas Flat Glass Tbk.|6300|6300|6100|6300|800|5005000|257.143|0|6300|20000|J|6125|200|B|3.85|2.26|1.06|0
20170529|AMIN|Ateliers Mecaniques D Indonesie Tbk.|330|334|316|334|137300|45230000|260.938|0|334|16500|J|332|8000|B|3.85|2.26|1.06|0
20170529|AMRT|Sumber Alfaria Trijaya Tbk.|560|560|550|555|14500|8043000|1416.214|0|560|510400|J|555|135000|B|3.85|2.26|1.06|0
20170529|ANJT|Austindo Nusantara Jaya Tbk.|1595|1590|1590|1590|507500|806925000|132.5|0|1590|35100|J|1510|100|B|3.85|2.26|1.06|0
20170529|ANTM|Aneka Tambang (Persero) Tbk.|700|750|700|750|141141200|103729240500|494.495|0|750|1129200|J|745|2681200|B|3.85|2.26|1.06|700
20170529|APEX|Apexindo Pratama Duta Tbk.|1780|1780|1780|1780|210500|374690000|113.957|0|0|0|J|1780|5500|B|3.85|2.26|1.06|0
20170529|APIC|Pacific Strategic Financial Tbk.|346|348|346|348|3405700|1184039000|370.15|0|348|31500|J|346|212600|B|3.85|2.26|1.06|0
20170529|APIC-W|Waran Seri II Pacific Strategic Financia|220|0|0|220|0|0|22000|0|218|300|J|2|20000|B|3.85|2.26|1.06|0
20170529|APII|Arita Prima Indonesia Tbk.|204|196|196|196|3300|646800|89.091|0|197|2900|J|195|174100|B|3.85|2.26|1.06|0
20170529|APLI|Asiaplast Industries Tbk.|105|114|105|108|463700|51229700|90|0|110|12400|J|108|110100|B|3.85|2.26|1.06|0
20170529|APLN|Agung Podomoro Land Tbk.|193|196|193|193|11976600|2323509400|52.877|0|193|1635400|J|192|1140000|B|3.85|2.26|1.06|0
20170529|APOL|Arpeni Pratama Ocean Line Tbk.|58|0|0|58|0|0|18.56|0|0|0|J|0|0|B|3.85|2.26|1.06|0
20170529|ARGO|Argo Pantes Tbk|825|0|0|825|0|0|20.729|0|0|0|J|0|0|B|3.85|2.26|1.06|0
20170529|ARII|Atlas Resources Tbk.|505|496|450|496|202400|98609000|33.067|0|496|9300|J|450|700|B|3.85|2.26|1.06|0
20170529|ARNA|Arwana Citramulia Tbk.|440|452|444|450|3053700|1373475800|3058.52|0|450|100000|J|446|51000|B|3.85|2.26|1.06|0
20170529|ARTA|Arthavest Tbk|340|338|258|304|21700|6510800|176.345|0|336|1600|J|304|9000|B|3.85|2.26|1.06|0
20170529|ARTI|Ratu Prabu Energi Tbk|50|50|50|50|58100|2905000|12.252|0|50|179878900|J|0|0|B|3.85|2.26|1.06|0
20170529|ARTO|Bank Artos Indonesia Tbk.|170|170|141|170|500|76300|128.788|0|169|4700|J|142|100|B|3.85|2.26|1.06|0
20170529|ASBI|Asuransi Bintang Tbk.|398|414|396|396|1000|397800|300.615|0|380|1000|J|354|200|B|3.85|2.26|1.06|0
20170529|ASDM|Asuransi Dayin Mitra Tbk.|1125|1125|1125|1125|1200|1350000|332.3|0|1125|7700|J|925|200|B|3.85|2.26|1.06|0
20170529|ASGR|Astra Graphia Tbk.|1720|1745|1700|1700|301100|511944500|352.464|0|1740|100|J|1700|77200|B|3.85|2.26|1.06|0
20170529|ASII|Astra International Tbk.|8750|8750|8625|8700|17837200|155026762500|6221.53|0|8725|100|J|8700|5100|B|3.85|2.26|1.06|8725
20170529|ASJT|Asuransi Jasa Tania Tbk.|1140|0|0|1140|0|0|760|0|1120|800|J|855|2000|B|3.85|2.26|1.06|0
20170529|ASMI|Asuransi Kresna Mitra Tbk.|670|670|635|670|2364300|1538773000|1240.741|0|670|80500|J|655|700|B|3.85|2.26|1.06|0
20170529|ASRI|Alam Sutera Realty Tbk.|326|332|326|326|9401300|3080405800|310.477|0|326|775600|J|324|741300|B|3.85|2.26|1.06|328
20170529|ASRM|Asuransi Ramayana Tbk.|2350|0|0|2350|0|0|841.179|0|2250|300|J|2130|100|B|3.85|2.26|1.06|0
20170529|ASSA|Adi Sarana Armada Tbk.|246|250|242|250|127700|31498800|64.103|0|250|44900|J|248|1700|B|3.85|2.26|1.06|0
20170529|ATIC|Anabatic Technologies Tbk.|680|0|0|680|0|0|97.143|0|680|15000|J|675|1000|B|3.85|2.26|1.06|0
20170529|ATPK|Bara Jaya Internasional Tbk.|194|0|0|194|0|0|112.677|0|0|0|J|0|0|B|3.85|2.26|1.06|0
20170529|AUTO|Astra Otoparts Tbk.|2480|2480|2430|2430|1800|4403000|2197.703|0|2470|400|J|2430|800|B|3.85|2.26|1.06|0
20170529|BABP|Bank MNC Internasional Tbk.|62|64|62|64|3559300|225624600|73.457|0|65|94300|J|64|2775800|B|3.85|2.26|1.06|0
20170529|BABP-W|Waran Seri II Bank MNC Internasional Tbk|2|3|2|3|4033900|11576800|300|0|3|24351600|J|2|13482400|B|3.85|2.26|1.06|0
20170529|BABP-W2|Waran Seri III Bank MNC Internasional Tb|110|0|0|110|0|0|11000|0|0|0|J|16|1000|B|3.85|2.26|1.06|0
20170529|BACA|Bank Capital Indonesia Tbk.|198|199|198|199|1143200|227194300|146.718|0|199|13100|J|198|67900|B|3.85|2.26|1.06|0
20170529|BACA-W|Waran Seri II Bank Capital Indonesia Tbk|87|0|0|87|0|0|8700|0|0|0|J|87|20000|B|3.85|2.26|1.06|0
20170529|BACA-W2|Waran Seri III Bank Capital Indonesia Tb|87|0|0|87|0|0|8700|0|0|0|J|88|20000|B|3.85|2.26|1.06|0
20170529|BAJA|Saranacentral Bajatama Tbk.|204|204|198|202|512000|103250800|80.8|0|204|51100|J|202|488900|B|3.85|2.26|1.06|0
20170529|BALI|Bali Towerindo Sentra Tbk.|1355|1355|1345|1355|78400|105905000|1693.75|0|1355|11700|J|1345|1900|B|3.85|2.26|1.06|0
20170529|BALI-W|Waran Seri I Bali Towerindo Sentra Tbk.|1100|0|0|1100|0|0|550000|0|0|0|J|905|5000|B|3.85|2.26|1.06|0
20170529|BAPA|Bekasi Asri Pemula Tbk.|136|157|136|142|82955300|12496712600|94.667|0|142|55000|J|141|21200|B|3.85|2.26|1.06|0
20170529|BATA|Sepatu Bata Tbk.|825|810|795|795|500|400500|10311.285|0|810|100|J|795|4200|B|3.85|2.26|1.06|0
20170529|BAYU|Bayu Buana Tbk|1140|0|0|1140|0|0|140.618|0|1150|1000|J|1140|1000|B|3.85|2.26|1.06|0
20170529|BBCA|Bank Central Asia Tbk.|17575|17950|17525|17775|20668100|366951882500|10157.143|0|17800|141300|J|17775|15300|B|3.85|2.26|1.06|17675
20170529|BBHI|Bank Harda Internasional Tbk.|210|216|204|210|3289700|689262400|168|0|210|131700|J|208|182400|B|3.85|2.26|1.06|0
20170529|BBKP|Bank Bukopin Tbk.|605|610|600|600|2249100|1352870000|177.995|0|605|107100|J|600|1611600|B|3.85|2.26|1.06|0
20170529|BBLD|Buana Finance Tbk.|600|610|610|610|500|305000|242.425|0|610|400|J|590|5000|B|3.85|2.26|1.06|0
20170529|BBMD|Bank Mestika Dharma Tbk.|1450|0|0|1450|0|0|105.073|0|0|0|J|0|0|B|3.85|2.26|1.06|0
20170529|BBNI|Bank Negara Indonesia (Persero) Tbk.|6475|6525|6475|6525|11261900|73228800000|31.383|0|6550|168000|J|6525|19300|B|3.85|2.26|1.06|6475
20170529|BBNP|Bank Nusantara Parahyangan Tbk.|1910|0|0|1910|0|0|478.55|0|0|0|J|0|0|B|3.85|2.26|1.06|0
20170529|BBRI|Bank Rakyat Indonesia (Persero) Tbk.|14225|14300|14100|14200|8771300|124536450000|3245.715|0|14250|22500|J|14200|2053400|B|3.85|2.26|1.06|14300
20170529|BBRM|Pelayaran Nasional Bina Buana Raya Tbk.|50|0|0|50|0|0|21.74|0|50|858400|J|0|0|B|3.85|2.26|1.06|0
20170529|BBTN|Bank Tabungan Negara (Persero) Tbk.|2500|2510|2460|2460|5653200|14073877000|320.87|0|2470|5000|J|2460|460800|B|3.85|2.26|1.06|2470
20170529|BBYB|Bank Yudha Bhakti Tbk.|340|342|334|338|275100|93053000|344.126|0|338|14700|J|334|12000|B|3.85|2.26|1.06|0
20170529|BBYB-W|Waran Seri I Bank Yudha Bhakti Tbk.|182|0|0|182|0|0|20000|0|0|0|J|183|5000|B|3.85|2.26|1.06|0
20170529|BCAP|MNC Kapital Indonesia Tbk.|1580|0|0|1580|0|0|639.638|0|1575|10000|J|0|0|B|3.85|2.26|1.06|0
20170529|BCIC|Bank JTrust Indonesia Tbk.|50|0|0|50|0|0|33.741|0|0|0|J|0|0|B|3.85|2.26|1.06|0
20170529|BCIP|Bumi Citra Permai Tbk.|152|157|152|154|1611400|248080300|140|0|154|165900|J|153|61000|B|3.85|2.26|1.06|0
20170529|BDMN|Bank Danamon Indonesia Tbk.|5475|5500|5300|5300|2652300|14100487500|2.993|0|5325|1000|J|5300|392000|B|3.85|2.26|1.06|0
20170529|BEKS|Bank Pembangunan Daerah Banten Tbk.|50|52|50|52|136595600|6929447800|225.999|0|52|70125300|J|51|4479100|B|3.85|2.26|1.06|0
20170529|BEST|Bekasi Fajar Industrial Estate Tbk.|314|324|314|320|42122000|13524434200|188.236|0|322|480000|J|320|6837500|B|3.85|2.26|1.06|0
20170529|BFIN|BFI Finance  Indonesia Tbk.|5000|5200|5000|5100|257800|1313712500|2613.562|0|5150|13000|J|5100|19800|B|3.85|2.26|1.06|0
20170529|BGTG|Bank Ganesha Tbk.|107|109|106|107|916400|98431000|103.884|0|107|100|J|106|25600|B|3.85|2.26|1.06|0
20170529|BHIT|MNC Investama Tbk.|128|133|128|133|69021600|9038731500|388.946|0|133|1655700|J|132|239600|B|3.85|2.26|1.06|0
20170529|BIKA|Binakarya Jaya Abadi Tbk.|402|400|400|400|2900|1160000|40|0|404|37200|J|400|4500|B|3.85|2.26|1.06|0
20170529|BIMA|Primarindo Asia Infrastructure Tbk.|93|91|82|91|2200|193000|22.36|0|95|1000|J|92|100|B|3.85|2.26|1.06|0
20170529|BINA|Bank Ina Perdana Tbk.|1365|1365|1305|1310|1057800|1416924000|740.13|0|1320|18000|J|1310|38800|B|3.85|2.26|1.06|0
20170529|BIPI|Benakat Integra Tbk.|86|89|84|85|32416700|2799076300|60.715|0|85|1492000|J|84|1567900|B|3.85|2.26|1.06|0
20170529|BIPP|Bhuwanatala Indah Permai Tbk.|82|82|77|82|712300|57848000|34.196|0|83|100500|J|81|20000|B|3.85|2.26|1.06|0
20170529|BIPP-W|Waran Seri III Bhuwanatala Indah Permai|9|10|8|8|2282000|19322300|800|0|9|1829900|J|8|1109600|B|3.85|2.26|1.06|0
20170529|BIPP-W2|Waran Seri IV Bhuwanatala Indah Permai T|1|0|0|1|0|0|100|0|0|0|J|0|0|B|3.85|2.26|1.06|0
20170529|BIRD|Blue Bird Tbk.|4150|4210|4140|4150|351800|1468771000|63.847|0|4150|7300|J|4140|2900|B|3.85|2.26|1.06|0
20170529|BISI|BISI International Tbk.|1580|1585|1555|1565|823900|1287348500|782.5|0|1565|178800|J|1560|59400|B|3.85|2.26|1.06|0
20170529|BJBR|Bank Pembangunan Daerah Jawa Barat dan B|2240|2450|2180|2430|78303200|186320654000|405|0|2440|560300|J|2430|637000|B|3.85|2.26|1.06|0
20170529|BJTM|Bank Pembangunan Daerah Jawa Timur Tbk.|675|690|675|680|7272300|4956445500|158.14|0|685|1098300|J|680|173500|B|3.85|2.26|1.06|0
20170529|BKDP|Bukit Darmo Property Tbk|76|80|72|73|102000|7775500|60.834|0|77|100|J|75|1000|B|3.85|2.26|1.06|0
20170529|BKSL|Sentul City Tbk.|77|78|76|77|28387000|2188497100|5.321|0|77|2378800|J|76|28611000|B|3.85|2.26|1.06|0
20170529|BKSL-W|Waran Seri I Sentul City Tbk.|29|30|28|28|901900|25648800|2800|0|28|90300|J|27|464800|B|3.85|2.26|1.06|0
20170529|BKSW|Bank QNB Indonesia Tbk.|470|0|0|470|0|0|848.407|0|430|300|J|0|0|B|3.85|2.26|1.06|0
20170529|BLTA|Berlian Laju Tanker Tbk|196|0|0|196|0|0|2.58|0|0|0|J|0|0|B|3.85|2.26|1.06|0
20170529|BLTZ|Graha Layar Prima Tbk.|10400|10100|10100|10100|1000|10100000|336.667|0|10400|300|J|10100|1600|B|3.85|2.26|1.06|0
20170529|BMAS|Bank Maspion Indonesia Tbk.|390|410|390|408|3800|1519000|127.5|0|406|4600|J|346|500|B|3.85|2.26|1.06|0
20170529|BMRI|Bank Mandiri (Persero) Tbk.|12150|12400|12150|12350|11642500|143367492500|1860.688|0|12350|14000|J|12325|1100|B|3.85|2.26|1.06|12300
20170529|BMSR|Bintang Mitra Semestaraya Tbk|146|136|117|136|45100|6096800|27.2|0|136|714200|J|135|3800|B|3.85|2.26|1.06|0
20170529|BMTR|Global Mediacom Tbk.|640|675|635|650|37040900|24157697000|529.058|0|655|795900|J|650|1814500|B|3.85|2.26|1.06|0
20170529|BNBA|Bank Bumi Arta Tbk.|236|240|234|240|2900|679200|150|0|238|1300|J|234|284400|B|3.85|2.26|1.06|0
20170529|BNBR|Bakrie & Brothers Tbk|50|50|50|50|1000|50000|1.72|0|50|1769081700|J|0|0|B|3.85|2.26|1.06|0
20170529|BNGA|Bank CIMB Niaga Tbk.|1275|1315|1275|1300|4632000|6005682500|9.599|0|1305|56200|J|1300|290900|B|3.85|2.26|1.06|0
20170529|BNII|Bank Maybank Indonesia Tbk.|316|320|314|318|622100|197281200|3.759|0|318|153100|J|316|224300|B|3.85|2.26|1.06|0
20170529|BNLI|Bank Permata Tbk.|665|680|655|665|17893100|11930552000|7.241|0|670|869700|J|665|286200|B|3.85|2.26|1.06|0
20170529|BOGA|Bintang Oto Global Tbk.|402|404|398|402|11558200|4636813600|390.292|0|402|295500|J|400|172200|B|3.85|2.26|1.06|0
20170529|BOGA-W|Waran Seri I Bintang Oto Global Tbk.|274|272|220|220|15200|3554400|22000|0|260|4200|J|220|38600|B|3.85|2.26|1.06|0
20170529|BOLT|Garuda Metalindo Tbk.|1060|1070|1045|1060|4801300|5087522500|192.728|0|1060|17200|J|1055|18100|B|3.85|2.26|1.06|0
20170529|BORN|Borneo Lumbung Energi & Metal Tbk.|50|0|0|50|0|0|4.274|0|0|0|J|0|0|B|3.85|2.26|1.06|0
20170529|BPFI|Batavia Prosperindo Finance Tbk.|500|0|0|500|0|0|510.179|0|0|0|J|0|0|B|3.85|2.26|1.06|0
20170529|BPII|Batavia Prosperindo Internasional Tbk.|3900|0|0|3900|0|0|780|0|0|0|J|0|0|B|3.85|2.26|1.06|0
20170529|BRAM|Indo Kordsa Tbk.|15000|0|0|15000|0|0|583.783|0|14975|800|J|0|0|B|3.85|2.26|1.06|0
20170529|BRAU|Berau Coal Energy Tbk.|82|0|0|82|0|0|20.5|0|0|0|J|0|0|B|3.85|2.26|1.06|0
20170529|BRMS|Bumi Resources Minerals Tbk.|66|70|65|66|79927800|5373924500|10.394|0|67|2953400|J|66|6348800|B|3.85|2.26|1.06|0
20170529|BRNA|Berlina Tbk.|1175|1175|1125|1145|65000|73240500|859.094|0|1145|8100|J|1130|26000|B|3.85|2.26|1.06|0
20170529|BRPT|Barito Pacific Tbk.|3140|3180|3140|3150|12153300|38457907000|123.345|0|3160|89000|J|3150|65200|B|3.85|2.26|1.06|0
20170529|BSDE|Bumi Serpong Damai Tbk.|1820|1820|1790|1800|14101400|25381036500|352.593|0|1805|82100|J|1800|295300|B|3.85|2.26|1.06|1820
20170529|BSIM|Bank Sinarmas Tbk.|835|835|810|835|200|164500|569.504|0|835|5000|J|815|300|B|3.85|2.26|1.06|0
20170529|BSIM-W2|Waran Seri II Bank Sinarmas Tbk.|670|0|0|670|0|0|67000|0|600|50000|J|550|50000|B|3.85|2.26|1.06|0
20170529|BSIM-W3|Waran Seri III Bank Sinarmas Tbk.|200|0|0|200|0|0|20000|0|0|0|J|175|50000|B|3.85|2.26|1.06|0
20170529|BSSR|Baramulti Suksessarana Tbk.|1400|1500|1400|1500|2300|3392000|76.924|0|1500|500|J|1410|100|B|3.85|2.26|1.06|0
20170529|BSWD|Bank Of India Indonesia Tbk.|1890|1890|1890|1890|5000|9450000|1411.185|0|1890|600|J|1705|100|B|3.85|2.26|1.06|0
20170529|BTEK|Bumi Teknokultura Unggul Tbk|980|0|0|980|0|0|940.797|0|980|13000|J|900|1600|B|3.85|2.26|1.06|0
20170529|BTEL|Bakrie Telecom Tbk.|50|0|0|50|0|0|46.914|0|50|501270100|J|0|0|B|3.85|2.26|1.06|0
20170529|BTON|Betonjaya Manunggal Tbk.|137|137|123|137|8200|1059900|457.536|0|137|2600|J|129|100|B|3.85|2.26|1.06|0
20170529|BTPN|Bank Tabungan Pensiunan Nasional Tbk.|2490|2510|2490|2510|4600|11495000|485.905|0|2510|19900|J|2500|100|B|3.85|2.26|1.06|0
20170529|BUDI|Budi Starch & Sweetener Tbk.|97|98|96|97|266700|25871600|52.572|0|97|8200|J|96|388600|B|3.85|2.26|1.06|0
20170529|BUKK|Bukaka Teknik Utama Tbk.|760|750|750|750|100|75000|127.119|0|750|14100|J|720|2500|B|3.85|2.26|1.06|0
20170529|BULL|Buana Listya Tama Tbk.|141|144|138|138|7736700|1081422900|13.496|0|139|302800|J|138|286500|B|3.85|2.26|1.06|0
20170529|BULL-W|Waran Seri II Buana Listya Tama Tbk.|56|60|57|58|569100|33626200|5800|0|59|100000|J|58|56500|B|3.85|2.26|1.06|0
20170529|BUMI|Bumi Resources Tbk.|366|374|356|364|416646200|153002928600|21.126|0|366|1486100|J|364|14774600|B|3.85|2.26|1.06|366
20170529|BUVA|Bukit Uluwatu Villa Tbk.|580|0|0|580|0|0|223.077|0|580|154700|J|555|29700|B|3.85|2.26|1.06|0
20170529|BVIC|Bank Victoria International Tbk.|292|316|282|298|9977200|3020252600|281.789|0|300|229600|J|296|5000|B|3.85|2.26|1.06|0
20170529|BWPT|Eagle High Plantations Tbk.|262|268|262|262|12143100|3199489400|57.302|0|264|415100|J|262|677900|B|3.85|2.26|1.06|0
20170529|BYAN|Bayan Resources Tbk.|6800|0|0|6800|0|0|117.242|0|6600|900|J|5450|200|B|3.85|2.26|1.06|0
20170529|CANI|Capitol Nusantara Indonesia Tbk.|450|540|432|432|1000|468600|216|0|480|100|J|438|500|B|3.85|2.26|1.06|0
20170529|CARS|Industri dan Perdagangan Bintraco Dharma|1710|1710|1680|1685|149200|255075000|96.286|0|1705|101100|J|1685|1000|B|3.85|2.26|1.06|0
20170529|CASA|Capital Financial Indonesia Tbk.|444|448|444|446|48518700|21616804200|343.077|0|448|1171200|J|446|17100|B|3.85|2.26|1.06|0
20170529|CASA-W|Waran Seri I Capital Financial Indonesia|290|0|0|290|0|0|29000|0|0|0|J|236|10000|B|3.85|2.26|1.06|0
20170529|CASS|Cardig Aero Services Tbk.|860|800|800|800|1500|1200000|200|0|800|58500|J|780|1600|B|3.85|2.26|1.06|0
20170529|CEKA|Wilmar Cahaya Indonesia Tbk.|1900|1950|1900|1945|816600|1566173000|401.86|0|1945|65200|J|1940|1600|B|3.85|2.26|1.06|0
20170529|CENT|Centratama Telekomunikasi Indonesia Tbk.|110|115|105|108|1716100|186157600|691.2|0|113|14200|J|108|1626700|B|3.85|2.26|1.06|0
20170529|CFIN|Clipan Finance Indonesia Tbk.|286|290|286|290|19300|5520600|22.693|0|292|8600|J|290|1900|B|3.85|2.26|1.06|0
20170529|CINT|Chitose Internasional Tbk.|312|316|308|312|4046400|1269604800|94.546|0|314|39800|J|308|20700|B|3.85|2.26|1.06|0
20170529|CITA|Cita Mineral Investindo Tbk.|900|0|0|900|0|0|3265.84|0|0|0|J|0|0|B|3.85|2.26|1.06|0
20170529|CKRA|Cakra Mineral Tbk.|51|51|50|51|13500|688400|22.702|0|52|5900|J|51|100000|B|3.85|2.26|1.06|0
20170529|CLEO|Sariguna Primatirta Tbk.|398|398|382|394|5615700|2196907000|342.609|0|396|186800|J|394|51100|B|3.85|2.26|1.06|0
20170529|CLPI|Colorpak Indonesia Tbk.|1090|1100|1050|1085|122100|128319000|542.5|0|1085|8200|J|1055|1000|B|3.85|2.26|1.06|0
20170529|CMNP|Citra Marga Nusaphala Persada Tbk.|1370|1395|1375|1375|27500|38317000|131.572|0|1390|3100|J|1375|10300|B|3.85|2.26|1.06|0
20170529|CMPP|Rimau Multi Putra Pratama Tbk.|120|131|118|126|38400|4810300|20.547|0|128|100|J|126|6600|B|3.85|2.26|1.06|0
20170529|CNKO|Exploitasi Energi Indonesia Tbk.|50|50|50|50|13100|655000|3.289|0|50|20595400|J|0|0|B|3.85|2.26|1.06|0
20170529|CNTB|Saham Seri B ( Centex Tbk )|250|0|0|250|0|0|0|0|0|0|J|226|200|B|3.85|2.26|1.06|0
20170529|CNTX|Century Textile Industry Tbk.|775|765|665|765|400|276000|1390.91|0|770|3500|J|670|100|B|3.85|2.26|1.06|0
20170529|COWL|Cowell Development Tbk.|1215|1225|1210|1220|2265100|2760235000|938.462|0|1220|9200|J|1215|248100|B|3.85|2.26|1.06|0
20170529|CPGT|Citra Maharlika Nusantara Corpora Tbk.|50|0|0|50|0|0|26.316|0|0|0|J|0|0|B|3.85|2.26|1.06|0
20170529|CPIN|Charoen Pokphand Indonesia Tbk|3100|3150|3100|3130|2590700|8113378000|14255.136|0|3140|149000|J|3130|274500|B|3.85|2.26|1.06|3100
20170529|CPRO|Central Proteina Prima Tbk.|50|50|50|50|51500|2575000|45.455|0|50|151004900|J|0|0|B|3.85|2.26|1.06|0
20170529|CSAP|Catur Sentosa Adiprana Tbk.|450|462|450|460|1715800|773179600|232.13|0|462|10300|J|460|745000|B|3.85|2.26|1.06|0
20170529|CSIS|Cahayasakti Investindo Sukses Tbk.|715|890|720|890|565900|482829500|296.667|0|0|0|J|890|1437400|B|3.85|2.26|1.06|0
20170529|CTBN|Citra Tubindo Tbk.|4850|0|0|4850|0|0|4053.49|0|0|0|J|0|0|B|3.85|2.26|1.06|0
20170529|CTRA|Ciputra Development Tbk.|1120|1130|1080|1090|32628600|35596371000|244.045|0|1095|454700|J|1090|534200|B|3.85|2.26|1.06|0
20170529|CTTH|Citatah Tbk.|85|86|84|86|20000|1709300|3.622|0|85|150900|J|77|500|B|3.85|2.26|1.06|0
20170529|DAJK|Dwi Aneka Jaya Kemasindo Tbk.|50|50|50|50|20200|1010000|10.639|0|50|26045600|J|0|0|B|3.85|2.26|1.06|0
20170529|DART|Duta Anggada Realty Tbk.|352|0|0|352|0|0|65.072|0|358|300|J|350|100|B|3.85|2.26|1.06|0
20170529|DAYA|Duta Intidaya Tbk.|191|190|190|190|400|76000|105.556|0|192|200|J|190|1489800|B|3.85|2.26|1.06|0
20170529|DEFI|Danasupra Erapacific Tbk|695|695|695|695|200|139000|1394.967|0|695|2200|J|690|2200|B|3.85|2.26|1.06|0
20170529|DEWA|Darma Henwa Tbk|53|54|52|52|45161800|2383452000|17.157|0|53|8496100|J|52|29720400|B|3.85|2.26|1.06|0
20170529|DGIK|Nusa Konstruksi Enjiniring Tbk.|103|112|102|109|31870400|3457183600|48.445|0|110|167300|J|109|401100|B|3.85|2.26|1.06|0
20170529|DILD|Intiland Development Tbk.|432|432|418|418|5512800|2339476800|72.84|0|418|105200|J|416|341900|B|3.85|2.26|1.06|0
20170529|DKFT|Central Omega Resources Tbk.|430|430|426|428|229400|98172600|1099.41|0|430|53200|J|426|69600|B|3.85|2.26|1.06|0
20170529|DLTA|Delta Djakarta Tbk.|4860|4910|4810|4810|6200|30036000|28752.466|0|4840|300|J|4810|200|B|3.85|2.26|1.06|0
20170529|DMAS|Puradelta Lestari Tbk.|240|240|238|238|13858800|3310556200|113.334|0|238|1718200|J|236|7446800|B|3.85|2.26|1.06|0
20170529|DNAR|Bank Dinar Indonesia Tbk.|282|282|282|282|200|56400|256.364|0|282|9000|J|272|200|B|3.85|2.26|1.06|0
20170529|DNET|Indoritel Makmur Internasional Tbk.|2490|2480|2410|2480|15400|38143000|2178.516|0|2480|15700|J|2470|10000|B|3.85|2.26|1.06|0
20170529|DOID|Delta Dunia Makmur Tbk.|830|845|805|815|21548100|17698078000|1103.38|0|820|105900|J|815|23000|B|3.85|2.26|1.06|0
20170529|DPNS|Duta Pertiwi Nusantara Tbk.|390|0|0|390|0|0|126.714|0|398|200|J|356|200|B|3.85|2.26|1.06|0
20170529|DPUM|Dua Putra Utama Makmur Tbk.|440|482|440|478|47200|21151000|86.91|0|478|9900|J|460|300|B|3.85|2.26|1.06|0
20170529|DSFI|Dharma Samudera Fishing Industries Tbk.|128|132|128|128|2229300|288036700|72.848|0|129|133200|J|128|194800|B|3.85|2.26|1.06|0
20170529|DSNG|Dharma Satya Nusantara Tbk.|496|496|492|492|403200|198378200|132.973|0|492|80100|J|470|11600|B|3.85|2.26|1.06|0
20170529|DSSA|Dian Swastatika Sentosa Tbk|12000|0|0|12000|0|0|800|0|12500|100|J|0|0|B|3.85|2.26|1.06|0
20170529|DUTI|Duta Pertiwi Tbk|5400|0|0|5400|0|0|543.096|0|6350|31500|J|0|0|B|3.85|2.26|1.06|0
20170529|DVLA|Darya-Varia Laboratoria Tbk.|2140|2120|2000|2120|3700|7499000|780.355|0|2120|400|J|2010|400|B|3.85|2.26|1.06|0
20170529|DYAN|Dyandra Media International Tbk.|59|59|57|59|48800|2878000|16.858|0|59|307900|J|58|1000|B|3.85|2.26|1.06|0
20170529|ECII|Electronic City Indonesia Tbk.|1000|0|0|1000|0|0|24.692|0|1000|100000|J|990|10000|B|3.85|2.26|1.06|0
20170529|EKAD|Ekadharma International Tbk.|690|695|680|690|78800|54349000|1751.625|0|690|11800|J|685|10200|B|3.85|2.26|1.06|0
20170529|ELSA|Elnusa Tbk.|308|316|308|310|40060900|12498076800|77.5|0|310|140400|J|308|4739600|B|3.85|2.26|1.06|312
20170529|ELTY|Bakrieland Development Tbk.|50|50|50|50|5100|255000|10.309|0|50|170331700|J|0|0|B|3.85|2.26|1.06|0
20170529|EMDE|Megapolitan Developments Tbk.|244|244|242|244|770600|188025200|97.6|0|244|237400|J|242|141900|B|3.85|2.26|1.06|0
20170529|EMTK|Elang Mahkota Teknologi Tbk.|10900|0|0|10900|0|0|1513.889|0|12000|10300|J|10900|500|B|3.85|2.26|1.06|0
20170529|ENRG|Energi Mega Persada Tbk.|50|50|50|50|2111500|105575000|33.35|0|50|683591100|J|0|0|B|3.85|2.26|1.06|0
20170529|EPMT|Enseval Putera Megatrading Tbk.|2900|0|0|2900|0|0|2028.98|0|3050|2000|J|0|0|B|3.85|2.26|1.06|0
20170529|ERAA|Erajaya Swasembada Tbk.|675|675|665|670|2948100|1977519500|67|0|670|1516600|J|665|414000|B|3.85|2.26|1.06|0
20170529|ERTX|Eratex Djaja Tbk.|144|145|128|135|16400|2275600|57.298|0|145|500|J|135|300|B|3.85|2.26|1.06|0
20170529|ESSA|Surya Esa Perkasa Tbk.|2630|2750|2650|2750|5100|13525000|450.82|0|2750|4900|J|2700|2000|B|3.85|2.26|1.06|0
20170529|ESTI|Ever Shine Tex Tbk.|115|115|110|114|139600|15689500|45.782|0|114|10600|J|113|100|B|3.85|2.26|1.06|0
20170529|ETWA|Eterindo Wahanatama Tbk|85|77|68|68|1000|68900|5.6|0|78|500|J|74|600|B|3.85|2.26|1.06|0
20170529|EXCL|XL Axiata Tbk.|2960|3080|3000|3080|3315400|10076982000|156.313|0|3080|239900|J|3010|168300|B|3.85|2.26|1.06|3030
20170529|FAST|Fast Food Indonesia Tbk.|1505|1505|1505|1505|100|150500|2366.911|0|1515|1000|J|1505|300|B|3.85|2.26|1.06|0
20170529|FASW|Fajar Surya Wisesa Tbk.|4560|4560|4540|4560|114900|523932000|1045.009|0|4580|23000|J|4540|28900|B|3.85|2.26|1.06|0
20170529|FISH|FKS Multi Agro Tbk.|3100|3100|3100|3100|100|310000|2480|0|3000|7300|J|0|0|B|3.85|2.26|1.06|0
20170529|FMII|Fortune Mate Indonesia Tbk|615|615|615|615|92500|56887500|615|0|615|23400|J|610|2500|B|3.85|2.26|1.06|0
20170529|FORU|Fortune Indonesia Tbk|200|0|0|200|0|0|153.847|0|218|1000|J|200|20100|B|3.85|2.26|1.06|0
20170529|FORZ|Forza Land Indonesia Tbk.|570|585|570|585|1086000|627416500|265.91|0|585|29500|J|580|6800|B|3.85|2.26|1.06|0
20170529|FORZ-W|Waran Seri I Forza Land Indonesia Tbk.|250|260|236|242|483300|118389800|24200|0|242|8300|J|236|7700|B|3.85|2.26|1.06|0
20170529|FPNI|Lotte Chemical Titan Tbk.|274|274|264|268|835700|224287400|81.291|0|270|115300|J|268|48800|B|3.85|2.26|1.06|0
20170529|FREN|Smartfren Telecom Tbk.|50|50|50|50|46600|2330000|2.778|0|50|2411600|J|0|0|B|3.85|2.26|1.06|0
20170529|GAMA|Gading Development Tbk.|50|50|50|50|32600|1630000|47.62|0|50|12020500|J|0|0|B|3.85|2.26|1.06|0
20170529|GDST|Gunawan Dianjaya Steel Tbk.|91|93|91|92|581500|53680200|57.5|0|93|20000|J|92|3100|B|3.85|2.26|1.06|0
20170529|GDYR|Goodyear Indonesia Tbk.|1700|0|0|1700|0|0|1360|0|1900|100|J|1700|1600|B|3.85|2.26|1.06|0
20170529|GEMA|Gema Grahasarana Tbk.|620|620|540|620|76300|45602000|275.556|0|630|4900|J|620|2000|B|3.85|2.26|1.06|0
20170529|GEMS|Golden Energy Mines Tbk.|2990|0|0|2990|0|0|119.6|0|2900|500|J|2700|200|B|3.85|2.26|1.06|0
20170529|GGRM|Gudang Garam Tbk.|74275|74525|73275|73400|297000|21858790000|2864.391|0|73425|100|J|73400|127500|B|3.85|2.26|1.06|74000
20170529|GIAA|Garuda Indonesia (Persero) Tbk.|364|364|358|362|4713600|1698463000|48.663|0|362|79700|J|360|572500|B|3.85|2.26|1.06|0
20170529|GJTL|Gajah Tunggal Tbk.|1000|1010|995|995|1824800|1827638500|195.344|0|1000|58500|J|995|670500|B|3.85|2.26|1.06|0
20170529|GLOB|Global Teleshop Tbk.|456|0|0|456|0|0|39.653|0|0|0|J|0|0|B|3.85|2.26|1.06|0
20170529|GMCW|Grahamas Citrawisata Tbk.|860|0|0|860|0|0|86|0|0|0|J|0|0|B|3.85|2.26|1.06|0
20170529|GMTD|Gowa Makassar Tourism Development Tbk.|7000|0|0|7000|0|0|1217.392|0|7000|200|J|0|0|B|3.85|2.26|1.06|0
20170529|GOLD|Visi Telekomunikasi Infrastruktur Tbk.|510|0|0|510|0|0|145.715|0|620|500|J|510|17700|B|3.85|2.26|1.06|0
20170529|GOLL|Golden Plantation Tbk.|106|109|99|106|51900|5190500|36.806|0|106|200|J|102|20200|B|3.85|2.26|1.06|0
20170529|GOLL-W|Waran Seri I Golden Plantation Tbk.|9|9|7|9|2434700|19379600|900|0|9|1580800|J|8|56200|B|3.85|2.26|1.06|0
20170529|GPRA|Perdana Gapuraprima Tbk.|88|118|89|118|278726700|29477793000|50.901|0|0|0|J|118|8235400|B|3.85|2.26|1.06|0
20170529|GREN|Evergreen Invesco Tbk.|270|274|256|270|15008200|3960544000|257.143|0|270|1147800|J|268|21700|B|3.85|2.26|1.06|0
20170529|GSMF|Equity Development Investment Tbk.|104|105|100|105|4400|447300|8.448|0|104|1200|J|103|100|B|3.85|2.26|1.06|0
20170529|GTBO|Garda Tujuh Buana Tbk|260|0|0|260|0|0|226.087|0|0|0|J|0|0|B|3.85|2.26|1.06|0
20170529|GWSA|Greenwood Sejahtera Tbk.|133|139|134|135|368100|50417800|54|0|137|21300|J|136|100000|B|3.85|2.26|1.06|0
20170529|GZCO|Gozco Plantations Tbk.|69|71|69|71|5758800|404876000|37.743|0|72|449100|J|71|2357500|B|3.85|2.26|1.06|0
20170529|HADE|HD Capital Tbk|50|0|0|50|0|0|131.579|0|0|0|J|0|0|B|3.85|2.26|1.06|0
20170529|HDFA|Radana Bhaskara Finance Tbk.|156|200|198|198|300|59600|107.212|0|198|4900|J|158|40000|B|3.85|2.26|1.06|0
20170529|HDTX|Panasia Indo Resources Tbk.|625|645|645|645|100|64500|101.715|0|640|4200|J|0|0|B|3.85|2.26|1.06|0
20170529|HERO|Hero Supermarket Tbk.|1350|1270|1270|1270|100|127000|2650.915|0|1350|5300|J|1295|1000|B|3.85|2.26|1.06|0
20170529|HEXA|Hexindo Adiperkasa Tbk.|4000|4000|4000|4000|2300|9200000|1224.515|0|4140|400|J|4000|500|B|3.85|2.26|1.06|0
20170529|HITS|Humpuss Intermoda Transportasi Tbk.|795|795|795|795|13000|10335000|1223.077|0|770|25000|J|625|200|B|3.85|2.26|1.06|0
20170529|HMSP|H.M. Sampoerna Tbk.|3820|3860|3790|3790|19338500|73701420000|18919.729|0|3800|80200|J|3790|1620800|B|3.85|2.26|1.06|3840
20170529|HOME|Hotel Mandarine Regency Tbk.|300|320|298|318|414800|131940200|338.05|0|0|0|J|318|32300|B|3.85|2.26|1.06|0
20170529|HOTL|Saraswati Griya Lestari Tbk.|130|130|126|130|97898100|12339413800|70.271|0|130|61100|J|127|54500|B|3.85|2.26|1.06|0
20170529|HOTL-W|Waran Seri I Saraswati Griya Lestari Tbk|13|14|12|14|103300|1240200|1400|0|14|623600|J|12|19300|B|3.85|2.26|1.06|0
20170529|HRUM|Harum Energy Tbk.|2060|2100|2050|2070|1453300|3003984000|39.808|0|2070|92500|J|2060|406400|B|3.85|2.26|1.06|0
20170529|IATA|Indonesia Transport & Infrastructure Tbk|50|50|50|50|104600|5230000|38.462|0|50|13732500|J|0|0|B|3.85|2.26|1.06|0
20170529|IBFN|Intan Baruprana Finance Tbk.|175|0|0|175|0|0|60.764|0|200|500|J|0|0|B|3.85|2.26|1.06|0
20170529|IBST|Inti Bangun Sejahtera Tbk.|1760|1800|1800|1800|500|900000|193.591|0|1970|100|J|1760|1000|B|3.85|2.26|1.06|0
20170529|ICBP|Indofood CBP Sukses Makmur Tbk.|8800|8875|8700|8825|2551400|22478467500|327.155|0|8825|4810600|J|8800|500|B|3.85|2.26|1.06|8850
20170529|ICON|Island Concepts Indonesia Tbk.|179|197|171|182|21000|3725900|349.356|0|181|900|J|176|200|B|3.85|2.26|1.06|0
20170529|IDPR|Indonesia Pondasi Raya Tbk.|1250|1300|1250|1250|24600|30905000|97.657|0|1250|69500|J|1020|1000|B|3.85|2.26|1.06|0
20170529|IGAR|Champion Pacific Indonesia Tbk.|450|458|448|450|11900|5368800|294.118|0|454|6600|J|448|1100|B|3.85|2.26|1.06|0
20170529|IIKP|Inti Agri Resources Tbk|242|246|240|246|180865300|43781510000|472.188|0|246|1106500|J|244|20200|B|3.85|2.26|1.06|0
20170529|IKAI|Intikeramik Alamasri Industri Tbk.|73|0|0|73|0|0|9.734|0|0|0|J|0|0|B|3.85|2.26|1.06|0
20170529|IKBI|Sumi Indo Kabel Tbk.|410|408|408|408|30300|12362400|37.001|0|410|1000|J|408|100|B|3.85|2.26|1.06|0
20170529|IMAS|Indomobil Sukses Internasional Tbk.|1100|1330|1090|1220|1318500|1645972500|163.786|0|1220|20000|J|1215|4100|B|3.85|2.26|1.06|0
20170529|IMJS|Indomobil Multi Jasa Tbk.|296|318|290|312|5433300|1688037400|62.4|0|312|12900|J|310|180000|B|3.85|2.26|1.06|0
20170529|IMPC|Impack Pratama Industri Tbk.|955|955|930|955|290900|277799500|251.316|0|955|193300|J|930|99600|B|3.85|2.26|1.06|0
20170529|INAF|Indofarma Tbk.|4130|4180|3700|3890|2476900|9702181000|1556|0|3890|9400|J|3880|50200|B|3.85|2.26|1.06|0
20170529|INAI|Indal Aluminium Industry Tbk.|700|795|695|750|10300|7184000|136.737|0|750|13100|J|710|1000|B|3.85|2.26|1.06|0
20170529|INCF|Indo Komoditi Korpora Tbk.|181|0|0|181|0|0|147.155|0|218|5000|J|181|1000|B|3.85|2.26|1.06|0
20170529|INCI|Intanwijaya Internasional Tbk|398|400|378|396|20600|8033000|39.376|0|396|1900|J|378|200|B|3.85|2.26|1.06|0
20170529|INCO|Vale Indonesia Tbk.|1890|1920|1865|1875|9386700|17688433000|765.307|0|1880|50300|J|1875|145000|B|3.85|2.26|1.06|1900
20170529|INDF|Indofood Sukses Makmur Tbk.|8750|8850|8700|8850|2667300|23399182500|1514.919|0|8850|87900|J|8775|100|B|3.85|2.26|1.06|8800
20170529|INDR|Indo-Rama Synthetics Tbk.|1080|1150|1080|1150|37200|42016500|154.885|0|1150|900|J|1120|20100|B|3.85|2.26|1.06|0
20170529|INDS|Indospring Tbk.|830|840|825|835|45300|37670000|78.282|0|835|15400|J|830|2200|B|3.85|2.26|1.06|0
20170529|INDX|Tanah Laut Tbk|129|133|129|129|371700|48124200|10.32|0|130|325900|J|129|1821900|B|3.85|2.26|1.06|0
20170529|INDY|Indika Energy Tbk.|765|795|760|790|39349600|30691317500|26.78|0|795|2051900|J|790|2623400|B|3.85|2.26|1.06|0
20170529|INKP|Indah Kiat Pulp & Paper Tbk.|2550|2590|2480|2500|2233300|5601863000|128.822|0|2500|3900|J|2490|144700|B|3.85|2.26|1.06|0
20170529|INPC|Bank Artha Graha Internasional Tbk.|99|101|96|97|27531700|2736294400|0.555|0|98|121500|J|97|756900|B|3.85|2.26|1.06|0
20170529|INPC-W|Waran Seri I Bank Artha Graha Internasio|23|26|22|23|5580500|126060800|2300|0|23|317600|J|22|658600|B|3.85|2.26|1.06|0
20170529|INPP|Indonesian Paradise Property Tbk.|630|630|630|630|234100|147483000|600|0|630|222700|J|625|122800|B|3.85|2.26|1.06|0
20170529|INRU|Toba Pulp Lestari Tbk.|420|436|392|392|14000|5758400|3.98|0|420|210000|J|392|13100|B|3.85|2.26|1.06|0
20170529|INTA|Intraco Penta Tbk.|376|376|372|372|380300|141631400|220.445|0|372|1000|J|370|179700|B|3.85|2.26|1.06|0
20170529|INTD|Inter Delta Tbk|1180|0|0|1180|0|0|72.682|0|1245|2000|J|0|0|B|3.85|2.26|1.06|0
20170529|INTP|Indocement Tunggal Prakarsa Tbk.|18600|19000|18500|18600|2822000|52934347500|744|0|18650|2000|J|18600|59900|B|3.85|2.26|1.06|18600
20170529|INVS|Inovisi Infracom Tbk.|117|0|0|117|0|0|874.636|0|0|0|J|0|0|B|3.85|2.26|1.06|0
20170529|IPOL|Indopoly Swakarsa Industry Tbk.|163|166|163|164|247700|40680100|78.096|0|164|37200|J|163|4900|B|3.85|2.26|1.06|0
20170529|ISAT|Indosat Tbk.|6800|6800|6650|6725|90200|606550000|480.358|0|6725|13300|J|6700|500|B|3.85|2.26|1.06|0
20170529|ISSP|Steel Pipe Industry of Indonesia Tbk.|234|236|232|234|447600|104188000|79.323|0|234|120400|J|232|162300|B|3.85|2.26|1.06|0
20170529|ITMA|Sumber Energi Andalan Tbk.|1000|1000|1000|1000|11000|11000000|287.77|0|1010|4900|J|1000|1100|B|3.85|2.26|1.06|0
20170529|ITMG|Indo Tambangraya Megah Tbk.|16000|16300|15775|15800|1261900|20206555000|112.858|0|15800|53000|J|15775|27100|B|3.85|2.26|1.06|0
20170529|ITTG|Leo Investments Tbk.|82|0|0|82|0|0|54.667|0|0|0|J|0|0|B|3.85|2.26|1.06|0
20170529|JAWA|Jaya Agra Wattie Tbk.|138|140|138|139|1508500|208662700|27.8|0|139|8900|J|138|800900|B|3.85|2.26|1.06|0
20170529|JECC|Jembo Cable Company Tbk.|5900|0|0|5900|0|0|447.157|0|5800|100|J|5750|400|B|3.85|2.26|1.06|0
20170529|JGLE|Graha Andrasentra Propertindo Tbk.|200|206|198|200|342700|68523500|142.858|0|200|101900|J|199|13900|B|3.85|2.26|1.06|0
20170529|JIHD|Jakarta International Hotels & Developme|470|438|438|438|300|131400|248.455|0|484|20000|J|450|4400|B|3.85|2.26|1.06|0
20170529|JKON|Jaya Konstruksi Manggala Pratama Tbk.|595|0|0|595|0|0|492.481|0|595|113300|J|550|15000|B|3.85|2.26|1.06|0
20170529|JKSW|Jakarta Kyoei Steel Works Tbk.|63|60|58|59|11000|648500|9.077|0|61|7800|J|59|22300|B|3.85|2.26|1.06|0
20170529|JPFA|Japfa Comfeed Indonesia Tbk.|1210|1290|1215|1290|27220300|34562285500|352.652|0|1295|437800|J|1290|544700|B|3.85|2.26|1.06|0
20170529|JPRS|Jaya Pari Steel Tbk|139|139|138|138|10400|1443600|88.462|0|138|48000|J|137|3100|B|3.85|2.26|1.06|0
20170529|JRPT|Jaya Real Property Tbk.|830|830|825|825|413700|342153500|793.27|0|830|1200|J|800|1000|B|3.85|2.26|1.06|0
20170529|JSMR|Jasa Marga (Persero) Tbk.|5075|5150|5000|5050|4916600|24849345000|297.795|0|5075|145900|J|5050|502700|B|3.85|2.26|1.06|5125
20170529|JSPT|Jakarta Setiabudi Internasional Tbk.|3300|0|0|3300|0|0|710.717|0|0|0|J|3290|200|B|3.85|2.26|1.06|0
20170529|JTPE|Jasuindo Tiga Perkasa Tbk.|312|314|312|312|136400|42576800|693.334|0|314|120900|J|312|33500|B|3.85|2.26|1.06|0
20170529|KAEF|Kimia Farma Tbk.|2970|2970|2840|2840|2012700|5798565000|2840|0|2850|200|J|2840|75800|B|3.85|2.26|1.06|0
20170529|KARW|ICTSI Jasa Prima Tbk.|246|238|226|238|14000|3196200|40.289|0|240|1000|J|220|900|B|3.85|2.26|1.06|0
20170529|KBLI|KMI Wire & Cable Tbk.|490|515|480|496|55277700|27386988800|60.269|0|498|309000|J|496|297100|B|3.85|2.26|1.06|0
20170529|KBLM|Kabelindo Murni Tbk.|336|350|336|338|881200|299043400|11.267|0|338|37700|J|336|8800|B|3.85|2.26|1.06|0
20170529|KBLV|First Media Tbk.|1285|1290|1285|1290|2600|3347500|343.14|0|1290|4200|J|1285|3500|B|3.85|2.26|1.06|0
20170529|KBRI|Kertas Basuki Rachmat Indonesia Tbk.|50|50|50|50|600|30000|9.616|0|50|11789500|J|0|0|B|3.85|2.26|1.06|0
20170529|KDSI|Kedawung Setia Industrial Tbk.|530|535|520|535|9100|4773000|133.75|0|535|12300|J|525|21700|B|3.85|2.26|1.06|0
20170529|KIAS|Keramika Indonesia Assosiasi Tbk.|80|84|80|82|17400|1451600|2.982|0|82|2800|J|81|400|B|3.85|2.26|1.06|0
20170529|KICI|Kedaung Indah Can Tbk|167|167|160|165|175600|28548600|35.031|0|165|11100|J|164|200|B|3.85|2.26|1.06|0
20170529|KIJA|Kawasan Industri Jababeka Tbk.|322|324|320|322|1655200|532871200|11.103|0|322|541500|J|320|127600|B|3.85|2.26|1.06|0
20170529|KINO|Kino Indonesia Tbk.|2270|2270|2200|2200|39000|86665000|57.895|0|2260|5000|J|2200|97000|B|3.85|2.26|1.06|0
20170529|KKGI|Resource Alam Indonesia Tbk.|344|362|346|348|1372400|482178400|1221.053|0|348|27400|J|346|29600|B|3.85|2.26|1.06|0
20170529|KLBF|Kalbe Farma Tbk.|1505|1535|1505|1530|12906700|19662426000|14922.462|0|1530|2108700|J|1525|501700|B|3.85|2.26|1.06|1520
20170529|KOBX|Kobexindo Tractors Tbk.|110|112|103|106|1988700|210042200|26.5|0|106|23200|J|105|147500|B|3.85|2.26|1.06|0
20170529|KOIN|Kokoh Inti Arebama Tbk|310|310|290|310|60300|18687000|209.707|0|310|40000|J|290|9700|B|3.85|2.26|1.06|0
20170529|KONI|Perdana Bangun Pusaka Tbk|745|0|0|745|0|0|156.843|0|735|500|J|0|0|B|3.85|2.26|1.06|0
20170529|KOPI|Mitra Energi Persada Tbk.|720|720|715|715|51500|36932500|181.013|0|715|100|J|710|16500|B|3.85|2.26|1.06|0
20170529|KPIG|MNC Land Tbk.|1305|1315|1275|1300|1196500|1573166000|279.733|0|1305|16900|J|1295|2500|B|3.85|2.26|1.06|0
20170529|KRAH|Grand Kartech Tbk.|3090|3110|3070|3100|183200|566687000|1127.273|0|3100|800|J|3080|1600|B|3.85|2.26|1.06|0
20170529|KRAS|Krakatau Steel (Persero) Tbk.|520|535|515|525|5250600|2743810000|65.27|0|525|670500|J|520|1128600|B|3.85|2.26|1.06|0
20170529|KREN|Kresna Graha Investama Tbk.|434|440|432|436|15943800|6960807800|4535.997|0|436|395200|J|434|167300|B|3.85|2.26|1.06|0
20170529|LAMI|Lamicitra Nusantara Tbk.|368|0|0|368|0|0|294.4|0|0|0|J|0|0|B|3.85|2.26|1.06|0
20170529|LAPD|Leyand International Tbk.|50|50|50|50|80200|4010000|92.782|0|50|5774200|J|0|0|B|3.85|2.26|1.06|0
20170529|LCGP|Eureka Prima Jakarta Tbk.|97|98|95|97|5786900|558522700|77.6|0|97|820800|J|96|31300|B|3.85|2.26|1.06|0
20170529|LEAD|Logindo Samudramakmur Tbk.|97|102|97|99|8649400|864739400|14.153|0|99|92100|J|98|55000|B|3.85|2.26|1.06|0
20170529|LINK|Link Net Tbk.|5550|5550|5400|5450|176400|971167500|340.625|0|5475|500|J|5450|300|B|3.85|2.26|1.06|0
20170529|LION|Lion Metal Works Tbk.|950|0|0|950|0|0|594.981|0|990|4000|J|750|1000|B|3.85|2.26|1.06|0
20170529|LMAS|Limas Indonesia Makmur Tbk|70|72|69|69|747400|52064100|21.686|0|70|8500|J|69|121100|B|3.85|2.26|1.06|0
20170529|LMPI|Langgeng Makmur Industri Tbk.|148|150|147|149|34700|5166200|21.742|0|150|3600|J|149|1300|B|3.85|2.26|1.06|0
20170529|LMSH|Lionmesh Prima Tbk.|730|730|670|680|4500|3075500|94.445|0|680|100|J|670|1000|B|3.85|2.26|1.06|0
20170529|LPCK|Lippo Cikarang Tbk|4370|4380|4310|4310|514400|2232870000|465.946|0|4320|14600|J|4310|93600|B|3.85|2.26|1.06|0
20170529|LPGI|Lippo General Insurance Tbk.|5725|5750|5675|5750|6900|39400000|258.427|0|5750|1100|J|5675|1000|B|3.85|2.26|1.06|0
20170529|LPIN|Multi Prima Sejahtera Tbk|1130|1300|1300|1300|236000|306800000|148.504|0|1350|2000|J|850|8000|B|3.85|2.26|1.06|0
20170529|LPKR|Lippo Karawaci Tbk.|725|730|710|710|15396300|11024620000|181.789|0|720|1000|J|710|2157900|B|3.85|2.26|1.06|725
20170529|LPLI|Star Pacific Tbk|186|206|190|204|230600|45604600|6.294|0|204|1400|J|199|5400|B|3.85|2.26|1.06|0
20170529|LPPF|Matahari Department Store Tbk.|14250|14550|14300|14450|5405400|78106355000|327.435|0|14450|170100|J|14425|11000|B|3.85|2.26|1.06|14300
20170529|LPPS|Lippo Securities Tbk.|115|117|110|117|241900|26775700|7.948|0|116|5000|J|113|1500|B|3.85|2.26|1.06|0
20170529|LRNA|Eka Sari Lorena Transport Tbk.|146|147|140|145|38500|5581500|16.112|0|145|25500|J|144|700|B|3.85|2.26|1.06|0
20170529|LRNA-W|Waran Seri I Eka Sari Lorena Transport T|24|25|21|22|2738700|60785900|2200|0|23|216600|J|22|40000|B|3.85|2.26|1.06|0
20170529|LSIP|PP London Sumatra Indonesia Tbk.|1500|1510|1490|1500|6042600|9061928000|387.097|0|1505|257200|J|1500|488600|B|3.85|2.26|1.06|1500
20170529|LTLS|Lautan Luas Tbk.|484|496|484|492|534400|260155200|173.921|0|492|61500|J|486|50000|B|3.85|2.26|1.06|0
20170529|MAGP|Multi Agro Gemilang Plantation Tbk.|50|0|0|50|0|0|45.455|0|50|222119000|J|0|0|B|3.85|2.26|1.06|0
20170529|MAIN|Malindo Feedmill Tbk.|1040|1075|1050|1065|496600|528700000|605.114|0|1070|206700|J|1060|20000|B|3.85|2.26|1.06|0
20170529|MAMI|Mas Murni Indonesia Tbk|53|54|52|53|19299000|1016355300|6.091|0|53|1678700|J|52|7386900|B|3.85|2.26|1.06|0
20170529|MAMIP|Mas Murni Tbk (Saham Preferen)|600|0|0|600|0|0|400|0|0|0|J|474|200|B|3.85|2.26|1.06|0
20170529|MAPI|Mitra Adiperkasa Tbk.|5925|5925|5550|5625|9207100|52161910000|900|0|5650|20000|J|5625|454800|B|3.85|2.26|1.06|0
20170529|MARI|Mahaka Radio Integra Tbk.|1315|1315|1290|1305|175500|227939000|174|0|1305|14300|J|1300|12600|B|3.85|2.26|1.06|0
20170529|MASA|Multistrada Arah Sarana Tbk.|208|210|202|206|185200|37857000|146.474|0|206|26500|J|204|10000|B|3.85|2.26|1.06|0
20170529|MAYA|Bank Mayapada Internasional Tbk.|2600|2630|2600|2630|8500|22283000|999.032|0|2660|300|J|2630|7500|B|3.85|2.26|1.06|0
20170529|MBAP|Mitrabara Adiperdana Tbk.|2500|0|0|2500|0|0|192.308|0|0|0|J|2510|100|B|3.85|2.26|1.06|0
20170529|MBSS|Mitrabahtera Segara Sejati Tbk.|396|410|386|396|1207000|482835000|24.75|0|396|514100|J|394|57300|B|3.85|2.26|1.06|0
20170529|MBTO|Martina Berto Tbk.|180|184|170|183|19200|3424300|24.73|0|181|9900|J|180|100|B|3.85|2.26|1.06|0
20170529|MCOR|Bank China Construction Bank Indonesia T|264|272|264|270|16942500|4552738000|242.17|0|272|442100|J|270|680200|B|3.85|2.26|1.06|0
20170529|MDIA|Intermedia Capital Tbk.|1900|1900|1900|1900|2700|5130000|137.682|0|1900|197400|J|1890|2000|B|3.85|2.26|1.06|0
20170529|MDKA|Merdeka Copper Gold Tbk.|2210|2490|2250|2480|13900|32173000|124|0|2490|4900|J|2250|500|B|3.85|2.26|1.06|0
20170529|MDLN|Modernland Realty Tbk.|274|274|264|270|18587700|4988034600|80.13|0|270|933800|J|268|527800|B|3.85|2.26|1.06|0
20170529|MDRN|Modern Internasional Tbk.|56|58|56|57|15381000|868333500|9.164|0|57|2161400|J|56|33500|B|3.85|2.26|1.06|0
20170529|MEDC|Medco Energi Internasional Tbk.|2770|2850|2760|2770|4778600|13361194000|1094.559|0|2780|64200|J|2770|16700|B|3.85|2.26|1.06|0
20170529|MEGA|Bank Mega Tbk.|2900|3000|2900|3000|20700|62059000|2186.781|0|3000|480700|J|2990|7900|B|3.85|2.26|1.06|0
20170529|MERK|Merck Tbk.|9350|9350|9350|9350|100|935000|24652.623|0|9350|600|J|9025|1000|B|3.85|2.26|1.06|0
20170529|META|Nusantara Infrastructure Tbk.|134|135|133|135|8334900|1118447200|40.529|0|135|608500|J|134|300500|B|3.85|2.26|1.06|0
20170529|MFIN|Mandala Multifinance Tbk.|1100|1140|1100|1125|61300|69039500|576.924|0|1125|2000|J|1090|3000|B|3.85|2.26|1.06|0
20170529|MFMI|Multifiling Mitra Indonesia Tbk.|790|800|790|795|3900|3087500|397.5|0|795|6400|J|790|2600|B|3.85|2.26|1.06|0
20170529|MGNA|Magna Finance Tbk.|78|83|76|80|1567800|124666100|76.191|0|81|47900|J|80|3900|B|3.85|2.26|1.06|0
20170529|MGNA-W|Waran Seri I Magna Finance Tbk.|7|9|6|7|12080600|91818400|700|0|8|1553500|J|7|2840400|B|3.85|2.26|1.06|0
20170529|MICE|Multi Indocitra Tbk.|390|410|410|410|300|123000|83.674|0|410|800|J|380|2500|B|3.85|2.26|1.06|0
20170529|MIDI|Midi Utama Indonesia Tbk.|900|920|870|870|31500|28369000|316.364|0|930|52000|J|870|1968800|B|3.85|2.26|1.06|0
20170529|MIKA|Mitra Keluarga Karyasehat Tbk.|2060|2110|2040|2040|12450800|25656986000|120.108|0|2050|2000|J|2040|343200|B|3.85|2.26|1.06|0
20170529|MINA|Sanurhasta Mitra Tbk.|820|820|750|800|49931100|37845627500|761.905|0|805|186000|J|800|97700|B|3.85|2.26|1.06|0
20170529|MIRA|Mitra International Resources Tbk.|50|50|50|50|200|10000|22.063|0|50|4540500|J|0|0|B|3.85|2.26|1.06|0
20170529|MITI|Mitra Investindo Tbk.|55|57|54|54|42200|2296000|4.559|0|54|15800|J|53|20100|B|3.85|2.26|1.06|0
20170529|MKNT|Mitra Komunikasi Nusantara Tbk.|424|442|424|442|278200|119485800|221|0|442|11600|J|440|29100|B|3.85|2.26|1.06|0
20170529|MKPI|Metropolitan Kentjana Tbk.|26550|26550|26550|26550|81700|2169135000|1264.286|0|26500|100|J|23525|100|B|3.85|2.26|1.06|0
20170529|MLBI|Multi Bintang Indonesia Tbk.|11800|11900|11775|11825|121300|1434535000|75318.472|0|11825|41800|J|11800|16600|B|3.85|2.26|1.06|0
20170529|MLIA|Mulia Industrindo Tbk|600|600|600|600|5500|3300000|100.209|0|700|6000|J|456|11000|B|3.85|2.26|1.06|0
20170529|MLPL|Multipolar Tbk.|238|248|234|236|24261800|5798833400|27.07|0|238|458100|J|236|122300|B|3.85|2.26|1.06|0
20170529|MLPT|Multipolar Technology Tbk.|870|890|860|875|4400|3832000|182.292|0|875|900|J|870|100|B|3.85|2.26|1.06|0
20170529|MMLP|Mega Manunggal Property Tbk.|550|0|0|550|0|0|94.018|0|580|2000|J|545|8000|B|3.85|2.26|1.06|0
20170529|MNCN|Media Nusantara Citra Tbk.|1880|1895|1870|1895|14172300|26712836500|210.556|0|1895|64500|J|1890|1000|B|3.85|2.26|1.06|1870
20170529|MPMX|Mitra Pinasthika Mustika Tbk.|855|850|835|850|153000|129027000|56.667|0|850|30500|J|840|10000|B|3.85|2.26|1.06|0
20170529|MPPA|Matahari Putra Prima Tbk.|795|810|795|805|2901600|2332986500|338.449|0|805|183400|J|800|500200|B|3.85|2.26|1.06|0
20170529|MRAT|Mustika Ratu Tbk.|210|210|200|200|21400|4377000|30.77|0|210|1000|J|202|100|B|3.85|2.26|1.06|0
20170529|MREI|Maskapai Reasuransi Indonesia Tbk.|3990|0|0|3990|0|0|342.242|0|4000|900|J|3800|5000|B|3.85|2.26|1.06|0
20170529|MSKY|MNC Sky Vision Tbk.|990|1015|965|990|412000|413879000|65.132|0|990|9600|J|985|2500|B|3.85|2.26|1.06|0
20170529|MTDL|Metrodata Electronics Tbk.|635|650|640|640|48300|31385500|1115.294|0|645|13900|J|640|400|B|3.85|2.26|1.06|0
20170529|MTFN|Capitalinc Investment Tbk.|50|50|50|50|100|5000|1.266|0|50|22279200|J|0|0|B|3.85|2.26|1.06|0
20170529|MTLA|Metropolitan Land Tbk.|330|338|320|320|1700200|544065800|134.539|0|338|9200|J|320|941000|B|3.85|2.26|1.06|0
20170529|MTRA|Mitra Pemuda Tbk.|306|306|302|304|62000|18882000|164.325|0|306|2500|J|304|1000|B|3.85|2.26|1.06|0
20170529|MTSM|Metro Realty Tbk.|358|358|340|340|1100|392000|87.125|0|354|1100|J|330|3900|B|3.85|2.26|1.06|0
20170529|MYOH|Samindo Resources Tbk.|700|720|700|710|457300|324637000|84.567|0|710|29800|J|705|83300|B|3.85|2.26|1.06|0
20170529|MYOR|Mayora Indah Tbk.|2190|2210|2120|2150|526900|1135639000|10755.378|0|2150|245300|J|2140|1300|B|3.85|2.26|1.06|0
20170529|MYRX|Hanson International Tbk.|131|131|129|130|930247700|121853559000|88.658|0|130|909500|J|129|2903600|B|3.85|2.26|1.06|130
20170529|MYRXP|Saham Seri B Hanson International Tbk.|50|50|50|50|6400|320000|40|0|50|20913900|J|0|0|B|3.85|2.26|1.06|0
20170529|MYTX|Asia Pacific Investama Tbk.|59|60|59|60|1100|65000|8.008|0|60|500500|J|59|3500|B|3.85|2.26|1.06|0
20170529|NAGA|Bank Mitraniaga Tbk.|160|165|142|165|14100|2246800|91.667|0|165|700|J|154|500|B|3.85|2.26|1.06|0
20170529|NELY|Pelayaran Nelly Dwi Putri Tbk.|97|97|92|96|6300|608000|57.143|0|97|1900|J|95|2000|B|3.85|2.26|1.06|0
20170529|NIKL|Pelat Timah Nusantara Tbk.|6125|6000|5200|5200|2141300|11727197500|1600|0|5200|115300|J|5175|4200|B|3.85|2.26|1.06|0
20170529|NIPS|Nipress Tbk.|470|490|450|480|53200|25533000|349.335|0|480|8700|J|442|3500|B|3.85|2.26|1.06|0
20170529|NIRO|Nirvana Development Tbk.|76|76|75|75|2340600|175885000|71.429|0|76|660000|J|75|52400|B|3.85|2.26|1.06|0
20170529|NISP|Bank OCBC NISP Tbk.|1750|1795|1705|1705|1200|2122500|1033.04|0|1795|200|J|1735|300|B|3.85|2.26|1.06|0
20170529|NOBU|Bank Nationalnobu Tbk.|895|905|890|905|2013700|1809300500|241.334|0|905|30200|J|900|106500|B|3.85|2.26|1.06|0
20170529|NRCA|Nusa Raya Cipta Tbk.|406|408|404|406|151500|61553400|47.765|0|406|62600|J|404|69500|B|3.85|2.26|1.06|0
20170529|OASA|Protech Mitra Perkasa Tbk.|400|400|400|400|21100|8440000|210.527|0|404|74800|J|400|97400|B|3.85|2.26|1.06|0
20170529|OCAP|Onix Capital Tbk.|430|0|0|430|0|0|215|0|0|0|J|0|0|B|3.85|2.26|1.06|0
20170529|OKAS|Ancora Indonesia Resources Tbk.|56|56|54|56|4600|253300|140.109|0|56|338200|J|54|43500|B|3.85|2.26|1.06|0
20170529|OMRE|Indonesia Prima Property Tbk|380|0|0|380|0|0|18.198|0|0|0|J|380|3000|B|3.85|2.26|1.06|0
20170529|PADI|Minna Padi Investama Sekuritas Tbk.|408|486|408|486|2027400|874330000|961.52|0|486|46200|J|450|10000|B|3.85|2.26|1.06|0
20170529|PALM|Provident Agro Tbk.|400|420|400|400|5300|2160000|109.329|0|428|1000|J|400|7700|B|3.85|2.26|1.06|0
20170529|PANR|Panorama Sentrawisata Tbk.|690|700|685|695|3173100|2200140000|416.992|0|695|36200|J|690|31500|B|3.85|2.26|1.06|0
20170529|PANS|Panin Sekuritas Tbk.|3100|3220|3130|3150|308000|970333000|2290.91|0|3150|40900|J|3140|2100|B|3.85|2.26|1.06|0
20170529|PBRX|Pan Brothers Tbk.|498|505|490|498|21457400|10643021000|881.416|0|500|6800|J|498|500600|B|3.85|2.26|1.06|0
20170529|PBSA|Paramita Bangun Sarana Tbk.|1500|0|0|1500|0|0|125|0|1550|7300|J|1500|20000|B|3.85|2.26|1.06|0
20170529|PDES|Destinasi Tirta Nusantara Tbk|725|0|0|725|0|0|362.5|0|0|0|J|0|0|B|3.85|2.26|1.06|0
20170529|PEGE|Panca Global Securities Tbk.|270|0|0|270|0|0|270|0|300|2500|J|0|0|B|3.85|2.26|1.06|0
20170529|PGAS|Perusahaan Gas Negara (Persero) Tbk.|2540|2570|2520|2540|15300100|38831475000|846.667|0|2540|1916800|J|2530|474400|B|3.85|2.26|1.06|2550
20170529|PGLI|Pembangunan Graha Lestari Indah Tbk.|57|59|56|58|1900|109100|77.334|0|58|3000|J|57|100|B|3.85|2.26|1.06|0
20170529|PICO|Pelangi Indah Canindo Tbk|214|220|204|220|20300|4144400|33.847|0|220|1000|J|218|100|B|3.85|2.26|1.06|0
20170529|PJAA|Pembangunan Jaya Ancol Tbk.|1725|1725|1725|1725|3800|6555000|336.586|0|1725|77300|J|1700|600|B|3.85|2.26|1.06|0
20170529|PKPK|Perdana Karya Perkasa Tbk|70|84|70|77|41736200|3251169300|19.25|0|77|692300|J|76|3051600|B|3.85|2.26|1.06|0
20170529|PLAS|Polaris Investama Tbk|50|50|50|50|5400|270000|11.791|0|50|6261800|J|0|0|B|3.85|2.26|1.06|0
20170529|PLIN|Plaza Indonesia Realty Tbk.|4090|4500|4090|4500|1400|6134000|1867.298|0|3990|200|J|3610|100|B|3.85|2.26|1.06|0
20170529|PNBN|Bank Pan Indonesia Tbk|940|945|930|935|3431700|3211759000|1556.777|0|935|96200|J|930|406300|B|3.85|2.26|1.06|0
20170529|PNBS|Bank Panin Dubai Syariah Tbk.|115|116|114|116|2608300|300622300|116|0|116|3558900|J|115|370700|B|3.85|2.26|1.06|0
20170529|PNIN|Paninvest Tbk.|865|870|860|860|662100|572759500|914.505|0|865|204200|J|860|117100|B|3.85|2.26|1.06|0
20170529|PNLF|Panin Financial Tbk.|250|260|248|256|26129000|6669314000|276.697|0|256|1366100|J|254|1320600|B|3.85|2.26|1.06|0
20170529|PNSE|Pudjiadi & Sons Tbk.|1300|0|0|1300|0|0|649.559|0|1285|600|J|0|0|B|3.85|2.26|1.06|0
20170529|POLY|Asia Pacific Fibers Tbk|69|71|69|69|659000|45517200|0.593|0|70|864700|J|69|87100|B|3.85|2.26|1.06|0
20170529|POOL|Pool Advista Indonesia Tbk.|2190|2190|2190|2190|9500|20805000|1390.027|0|2190|2600|J|2180|9200|B|3.85|2.26|1.06|0
20170529|POOL-W|Waran Seri II Pool Advista Indonesia Tbk|1000|0|0|1000|0|0|100000|0|1500|200|J|1010|10000|B|3.85|2.26|1.06|0
20170529|PORT|Nusantara Pelabuhan Handal Tbk.|520|520|480|492|141300|69146800|91.963|0|492|18400|J|490|20700|B|3.85|2.26|1.06|0
20170529|POWR|Cikarang Listrindo Tbk.|1185|1195|1170|1195|949500|1131833000|79.667|0|1195|16600|J|1175|500|B|3.85|2.26|1.06|0
20170529|PPRO|PP Properti Tbk.|230|232|228|228|13981500|3206642000|492.973|0|230|4334800|J|228|11979700|B|3.85|2.26|1.06|230
20170529|PRAS|Prima Alloy Steel Universal Tbk.|216|220|212|220|744800|162713400|123.853|0|220|47000|J|218|382500|B|3.85|2.26|1.06|0
20170529|PRDA|Prodia Widyahusada Tbk.|4030|4090|4030|4030|20800|83858000|62|0|4030|16600|J|4000|200|B|3.85|2.26|1.06|0
20170529|PSAB|J Resources Asia Pasifik Tbk.|216|222|212|212|981700|211545800|687.799|0|216|747900|J|212|225900|B|3.85|2.26|1.06|0
20170529|PSDN|Prasidha Aneka Niaga Tbk|149|150|138|148|11400|1635900|14.8|0|146|17500|J|140|100|B|3.85|2.26|1.06|0
20170529|PSKT|Red Planet Indonesia Tbk.|50|51|50|50|1922300|96126200|59.495|0|50|45700|J|0|0|B|3.85|2.26|1.06|0
20170529|PSKT-W|Waran Seri I Red Planet Indonesia Tbk.|1|0|0|1|0|0|500|0|0|0|J|2|10000|B|3.85|2.26|1.06|0
20170529|PTBA|Tambang Batubara Bukit Asam (Persero) Tb|10750|10850|10700|10725|1062600|11443845000|1865.218|0|10750|19700|J|10725|13500|B|3.85|2.26|1.06|10850
20170529|PTIS|Indo Straits Tbk.|600|0|0|600|0|0|63.158|0|730|100|J|474|200|B|3.85|2.26|1.06|0
20170529|PTPP|PP (Persero) Tbk.|3200|3210|3120|3130|9244600|29177117000|588.346|0|3140|38200|J|3130|1443200|B|3.85|2.26|1.06|3200
20170529|PTRO|Petrosea Tbk.|1000|1055|1010|1055|701300|723480500|844|0|1060|20700|J|1050|5000|B|3.85|2.26|1.06|0
20170529|PTSN|Sat Nusapersada Tbk|107|108|94|107|297300|29736600|18.449|0|108|20400|J|107|123600|B|3.85|2.26|1.06|0
20170529|PTSP|Pioneerindo Gourmet International Tbk.|7000|0|0|7000|0|0|549.02|0|7000|400|J|0|0|B|3.85|2.26|1.06|0
20170529|PUDP|Pudjiadi Prestige Tbk.|412|0|0|412|0|0|51.388|0|406|100|J|370|2000|B|3.85|2.26|1.06|0
20170529|PWON|Pakuwon Jati Tbk.|640|640|620|625|12566700|7847210000|2409.5|0|625|477200|J|620|834800|B|3.85|2.26|1.06|640
20170529|PYFA|Pyridam Farma Tbk|204|210|204|210|301700|63346200|205.802|0|210|107500|J|208|10000|B|3.85|2.26|1.06|0
20170529|R-ABFII|Asian Bond Fund - Indonesia Bond Index F|28600|0|0|28600|0|0|207.202|0|0|0|J|0|0|B|3.85|2.26|1.06|0
20170529|R-LQ45X|Premier ETF LQ-45 (R-LQ45X)|995|1005|990|1005|23200|23089000|172.09|0|1005|99000|J|990|1400|B|3.85|2.26|1.06|0
20170529|RAJA|Rukun Raharja Tbk.|250|252|234|238|2832000|680947200|817.533|0|240|211100|J|238|20100|B|3.85|2.26|1.06|0
20170529|RALS|Ramayana Lestari Sentosa Tbk.|1250|1275|1245|1270|3016600|3818950500|793.75|0|1270|73500|J|1265|30600|B|3.85|2.26|1.06|0
20170529|RANC|Supra Boga Lestari Tbk.|478|460|460|460|50000|23000000|92|0|460|117000|J|422|22800|B|3.85|2.26|1.06|0
20170529|RBMS|Ristia Bintang Mahkotasejati Tbk.|123|126|116|117|254100|30056800|23.4|0|117|65800|J|115|28800|B|3.85|2.26|1.06|0
20170529|RDTX|Roda Vivatex Tbk|7900|0|0|7900|0|0|416.186|0|7300|1000|J|6800|100|B|3.85|2.26|1.06|0
20170529|RELI|Reliance Securities Tbk|430|0|0|430|0|0|198.462|0|420|3100|J|0|0|B|3.85|2.26|1.06|0
20170529|RICY|Ricky Putra Globalindo Tbk|153|154|145|152|39600|5969700|24.142|0|152|6500|J|147|1100|B|3.85|2.26|1.06|0
20170529|RIGS|Rig Tenders Indonesia Tbk.|197|193|191|193|2300|440800|79.083|0|195|4800|J|193|9700|B|3.85|2.26|1.06|0
20170529|RIMO|Rimo International Lestari Tbk|159|176|151|166|798920800|124692286200|91.138|0|167|857900|J|166|1569400|B|3.85|2.26|1.06|0
20170529|RMBA|Bentoel Internasional Investama Tbk.|430|430|430|430|600|258000|3364.633|0|458|3900|J|426|200|B|3.85|2.26|1.06|0
20170529|RODA|Pikko Land Development Tbk.|169|175|166|170|115900|19451300|271.436|0|173|200|J|170|2300|B|3.85|2.26|1.06|0
20170529|ROTI|Nippon Indosari Corpindo Tbk.|1540|1545|1505|1535|1470600|2257155000|601.961|0|1535|472300|J|1530|10700|B|3.85|2.26|1.06|0
20170529|RUIS|Radiant Utama Interinsco Tbk.|232|0|0|232|0|0|92.8|0|232|144300|J|228|500|B|3.85|2.26|1.06|0
20170529|SAFE|Steady Safe Tbk|195|202|195|202|271100|53799700|20.337|0|202|46500|J|195|6700|B|3.85|2.26|1.06|0
20170529|SAME|Sarana Meditama Metropolitan Tbk.|2840|2840|2800|2820|230900|651697000|705|0|2820|6300|J|2800|1400|B|3.85|2.26|1.06|0
20170529|SCBD|Danayasa Arthatama Tbk.|2200|0|0|2200|0|0|440|0|2150|1000|J|0|0|B|3.85|2.26|1.06|0
20170529|SCCO|Supreme Cable Manufacturing & Commerce T|9275|9375|8875|8925|79000|708277500|5758.065|0|8925|7500|J|8875|7400|B|3.85|2.26|1.06|0
20170529|SCMA|Surya Citra Media Tbk.|2790|2790|2690|2720|12406800|33715062000|1230.475|0|2730|20000|J|2720|495300|B|3.85|2.26|1.06|2790
20170529|SCPI|Merck Sharp Dohme Pharma Tbk.|29000|0|0|29000|0|0|227.451|0|0|0|J|0|0|B|3.85|2.26|1.06|0
20170529|SDMU|Sidomulyo Selaras Tbk.|394|396|378|388|5100500|1971110400|213.682|0|388|132100|J|382|7900|B|3.85|2.26|1.06|0
20170529|SDPC|Millennium Pharmacon International Tbk.|119|119|114|119|351800|40355700|78.054|0|119|39000|J|114|80000|B|3.85|2.26|1.06|0
20170529|SDRA|Bank Woori Saudara Indonesia 1906 Tbk.|1090|0|0|1090|0|0|1163.238|0|1095|4500|J|825|200|B|3.85|2.26|1.06|0
20170529|SGRO|Sampoerna Agro Tbk.|2050|2050|2000|2050|30100|60832000|87.607|0|2050|4900|J|2010|1000|B|3.85|2.26|1.06|0
20170529|SHID|Hotel Sahid Jaya International Tbk.|1065|1065|1065|1065|600|639000|49.492|0|1070|5800|J|1065|2800|B|3.85|2.26|1.06|0
20170529|SHIP|Sillo Maritime Perdana Tbk.|715|720|700|705|4509900|3195662500|503.572|0|715|20800|J|705|51700|B|3.85|2.26|1.06|0
20170529|SIAP|Sekawan Intipratama Tbk|83|0|0|83|0|0|82.046|0|0|0|J|0|0|B|3.85|2.26|1.06|0
20170529|SIDO|Industri Jamu dan Farmasi Sido Muncul Tb|540|535|510|515|7508800|3893406000|88.794|0|520|385500|J|515|3815300|B|3.85|2.26|1.06|0
20170529|SILO|Siloam International Hospitals Tbk.|11000|11475|11150|11250|44300|498112500|127.119|0|11250|49900|J|11200|1700|B|3.85|2.26|1.06|0
20170529|SIMA|Siwani Makmur Tbk|164|0|0|164|0|0|20.888|0|0|0|J|0|0|B|3.85|2.26|1.06|0
20170529|SIMP|Salim Ivomas Pratama Tbk.|595|600|585|590|3611200|2132365000|53.637|0|590|638800|J|585|716100|B|3.85|2.26|1.06|0
20170529|SIPD|Sierad Produce Tbk.|930|930|910|930|67700|61783000|1.034|0|930|70500|J|910|13200|B|3.85|2.26|1.06|0
20170529|SKBM|Sekar Bumi Tbk.|500|500|500|500|9400|4700000|434.783|0|515|100|J|500|600|B|3.85|2.26|1.06|0
20170529|SKLT|Sekar Laut Tbk.|1100|0|0|1100|0|0|92.094|0|1100|1100|J|0|0|B|3.85|2.26|1.06|0
20170529|SKYB|Skybee Tbk.|420|0|0|420|0|0|112|0|0|0|J|0|0|B|3.85|2.26|1.06|0
20170529|SMAR|Smart Tbk.|4100|4000|4000|4000|300|1200000|1321.616|0|4090|1300|J|3900|500|B|3.85|2.26|1.06|0
20170529|SMBR|Semen Baturaja (Persero) Tbk.|3180|3190|3120|3120|12504600|39473756000|557.143|0|3130|158100|J|3120|42300|B|3.85|2.26|1.06|0
20170529|SMCB|Holcim Indonesia Tbk.|830|835|825|830|231800|192415500|1002.416|0|830|129500|J|825|177700|B|3.85|2.26|1.06|0
20170529|SMDM|Suryamas Dutamakmur Tbk.|105|108|101|105|31100|3200700|13.304|0|106|17800|J|104|2000|B|3.85|2.26|1.06|0
20170529|SMDR|Samudera Indonesia  Tbk.|6400|6500|6275|6375|465800|2947997500|1275|0|6375|8600|J|6325|6000|B|3.85|2.26|1.06|0
20170529|SMGR|Semen Indonesia (Persero) Tbk.|9250|9400|9250|9350|1887000|17624240000|3253.532|0|9350|42900|J|9325|23200|B|3.85|2.26|1.06|9325
20170529|SMMA|Sinarmas Multiartha Tbk.|7000|0|0|7000|0|0|521.816|0|7000|25200|J|6850|500|B|3.85|2.26|1.06|0
20170529|SMMT|Golden Eagle Energy Tbk.|120|121|117|118|2439000|289091300|276.063|0|118|267400|J|117|242300|B|3.85|2.26|1.06|0
20170529|SMRA|Summarecon Agung Tbk.|1360|1360|1305|1320|6682000|8883612000|2168.913|0|1325|237300|J|1320|171700|B|3.85|2.26|1.06|1360
20170529|SMRU|SMR Utama Tbk.|380|386|350|386|1204600|445534400|94.396|0|386|89000|J|384|35000|B|3.85|2.26|1.06|0
20170529|SMSM|Selamat Sempurna Tbk.|1195|1205|1185|1200|2864400|3432522500|3205.214|0|1205|204400|J|1200|100700|B|3.85|2.26|1.06|0
20170529|SOBI|Sorini Agro Asia Corporindo Tbk.|1700|0|0|1700|0|0|1275.032|0|0|0|J|0|0|B|3.85|2.26|1.06|0
20170529|SOCI|Soechi Lines Tbk.|320|320|314|318|6952000|2206838000|57.819|0|320|310200|J|318|667100|B|3.85|2.26|1.06|0
20170529|SONA|Sona Topas Tourism Industry Tbk.|1650|0|0|1650|0|0|160|0|1800|200|J|1550|1500|B|3.85|2.26|1.06|0
20170529|SPMA|Suparma Tbk.|222|230|214|224|3300|737600|100.413|0|224|2300|J|214|300|B|3.85|2.26|1.06|0
20170529|SQBB|Taisho Pharmaceutical Indonesia Tbk.|10500|0|0|10500|0|0|0|0|0|0|J|0|0|B|3.85|2.26|1.06|0
20170529|SQBI|Taisho Pharmaceutical Indonesia Tbk.|440000|0|0|440000|0|0|41904.762|0|0|0|J|0|0|B|3.85|2.26|1.06|0
20170529|SQMI|Renuka Coalindo Tbk.|600|600|600|600|100|60000|240|0|0|0|J|540|500|B|3.85|2.26|1.06|0
20170529|SRAJ|Sejahteraraya Anugrahjaya Tbk.|208|214|208|214|7400|1554400|228.387|0|214|3900|J|210|300|B|3.85|2.26|1.06|0
20170529|SRIL|Sri Rejeki Isman Tbk.|340|342|330|330|80186500|26770733000|137.5|0|332|5347200|J|330|529000|B|3.85|2.26|1.06|340
20170529|SRSN|Indo Acidatama Tbk|50|0|0|50|0|0|9.107|0|50|2997400|J|0|0|B|3.85|2.26|1.06|0
20170529|SRTG|Saratoga Investama Sedaya Tbk.|3440|3470|3410|3440|34200|118120000|62.546|0|3440|2900|J|3420|300|B|3.85|2.26|1.06|0
20170529|SSIA|Surya Semesta Internusa Tbk.|650|665|640|650|1430900|929471000|266.667|0|650|318400|J|645|431700|B|3.85|2.26|1.06|0
20170529|SSMS|Sawit Sumbermas Sarana Tbk.|1655|1720|1640|1655|19243900|32117422000|247.015|0|1655|6400|J|1645|3000|B|3.85|2.26|1.06|0
20170529|SSTM|Sunson Textile Manufacture Tbk|525|0|0|525|0|0|123.53|0|525|10000|J|0|0|B|3.85|2.26|1.06|0
20170529|STAR|Star  Petrochem Tbk.|69|72|68|71|9759700|683130200|69.608|0|71|883500|J|70|5000|B|3.85|2.26|1.06|0
20170529|STTP|Siantar Top Tbk.|3700|3700|3700|3700|100|370000|2186.374|0|3710|9900|J|3360|100|B|3.85|2.26|1.06|0
20170529|SUGI|Sugih Energy Tbk.|114|0|0|114|0|0|147.675|0|0|0|J|0|0|B|3.85|2.26|1.06|0
20170529|SULI|SLJ Global Tbk.|242|252|230|244|2739700|669630000|3.486|0|246|117900|J|244|200000|B|3.85|2.26|1.06|0
20170529|SUPR|Solusi Tunas Pratama Tbk.|6500|0|0|6500|0|0|199.634|0|0|0|J|0|0|B|3.85|2.26|1.06|0
20170529|TALF|Tunas Alfin Tbk.|398|322|300|322|600|187800|81.519|0|400|700|J|322|27700|B|3.85|2.26|1.06|0
20170529|TAMU|Pelayaran Tamarin Samudra Tbk.|740|790|725|790|1740600|1307790500|718.182|0|795|4100|J|790|13000|B|3.85|2.26|1.06|0
20170529|TARA|Sitara Propertindo Tbk.|650|660|650|655|48527500|31728397500|617.925|0|660|935100|J|655|81700|B|3.85|2.26|1.06|0
20170529|TARA-W|Waran Seri I Sitara Propertindo Tbk.|442|0|0|442|0|0|44200|0|0|0|J|400|4800|B|3.85|2.26|1.06|0
20170529|TAXI|Express Transindo Utama Tbk.|119|119|115|118|606100|70998900|21.072|0|118|24000|J|117|124100|B|3.85|2.26|1.06|0
20170529|TBIG|Tower Bersama Infrastructure Tbk.|5725|5800|5725|5775|1739500|10047797500|285.186|0|5800|2000|J|5775|129600|B|3.85|2.26|1.06|0
20170529|TBLA|Tunas Baru Lampung Tbk.|1525|1535|1515|1515|4205900|6406676500|344.985|0|1520|157600|J|1515|41700|B|3.85|2.26|1.06|0
20170529|TBMS|Tembaga Mulia Semanan Tbk.|1425|0|0|1425|0|0|202.128|0|1395|1100|J|1200|500|B|3.85|2.26|1.06|0
20170529|TCID|Mandom Indonesia Tbk.|17700|17700|17700|17700|100|1770000|1736.112|0|17500|49900|J|15000|5500|B|3.85|2.26|1.06|0
20170529|TELE|Tiphone Mobile Indonesia Tbk.|1215|1215|1190|1210|5982100|7191839500|390.323|0|1215|180000|J|1210|63800|B|3.85|2.26|1.06|0
20170529|TFCO|Tifico Fiber Indonesia Tbk.|900|0|0|900|0|0|203.953|0|900|6600|J|0|0|B|3.85|2.26|1.06|0
20170529|TGKA|Tigaraksa Satria Tbk.|2550|0|0|2550|0|0|2095.489|0|2550|400|J|2020|200|B|3.85|2.26|1.06|0
20170529|TGRA|Terregra Asia Energy Tbk.|450|464|430|464|13862200|6261733200|232|0|464|182200|J|462|260000|B|3.85|2.26|1.06|0
20170529|TIFA|Tifa Finance Tbk.|174|216|173|210|2827000|552218000|105|0|214|26800|J|210|122200|B|3.85|2.26|1.06|0
20170529|TINS|Timah (Persero) Tbk.|855|880|850|875|9589400|8342131500|447.12|0|875|295500|J|870|219500|B|3.85|2.26|1.06|0
20170529|TIRA|Tira Austenite Tbk|258|0|0|258|0|0|115.793|0|254|5100|J|208|200|B|3.85|2.26|1.06|0
20170529|TIRT|Tirta Mahakam Resources Tbk|117|119|115|116|816100|94273600|53.029|0|116|85500|J|115|122000|B|3.85|2.26|1.06|0
20170529|TKGA|Permata Prima Sakti Tbk.|1800|0|0|1800|0|0|72|0|0|0|J|0|0|B|3.85|2.26|1.06|0
20170529|TKIM|Pabrik Kertas Tjiwi Kimia Tbk.|1390|1390|1325|1335|284500|381087500|82.541|0|1350|3000|J|1335|129000|B|3.85|2.26|1.06|0
20170529|TKIM-W|Waran Seri II Pabrik Kertas Tjiwi Kimia|418|418|410|410|2000|824400|41000|0|390|100000|J|220|20000|B|3.85|2.26|1.06|0
20170529|TLKM|Telekomunikasi Indonesia (Persero) Tbk.|4470|4470|4360|4390|69694400|305574139000|2307.066|0|4390|411100|J|4380|139900|B|3.85|2.26|1.06|4470
20170529|TMAS|Pelayaran Tempuran Emas Tbk.|1230|1225|1210|1210|2899300|3548490000|556.604|0|1210|106300|J|1205|15600|B|3.85|2.26|1.06|0
20170529|TMPI|Sigmagold Inti Perkasa Tbk.|50|50|50|50|256700|12835000|53.979|0|50|5223200|J|0|0|B|3.85|2.26|1.06|0
20170529|TMPO|Tempo Intimedia Tbk.|152|151|151|151|100|15100|50.334|0|151|9400|J|147|1300|B|3.85|2.26|1.06|0
20170529|TOBA|Toba Bara Sejahtra Tbk.|1520|1540|1540|1540|10000|15400000|81.053|0|1540|116100|J|1310|600|B|3.85|2.26|1.06|0
20170529|TOTL|Total Bangun Persada Tbk.|770|775|750|750|4695000|3571384500|269.566|0|755|13400|J|750|676400|B|3.85|2.26|1.06|0
20170529|TOTO|Surya Toto Indonesia Tbk.|446|454|440|444|91200|40366200|1440.296|0|444|16000|J|442|1200|B|3.85|2.26|1.06|0
20170529|TOWR|Sarana Menara Nusantara Tbk.|3770|3790|3600|3620|14400|53184000|3460.043|0|3760|6000|J|3620|1900|B|3.85|2.26|1.06|0
20170529|TPIA|Chandra Asri Petrochemical Tbk.|27050|27275|27000|27150|2227000|60544925000|1234.091|0|27150|44400|J|27125|20400|B|3.85|2.26|1.06|0
20170529|TPMA|Trans Power Marine Tbk.|224|240|224|224|400|92800|97.392|0|240|100|J|222|300|B|3.85|2.26|1.06|0
20170529|TRAM|Trada Maritime Tbk.|92|93|90|91|16112600|1469281100|72.8|0|91|109000|J|90|4136100|B|3.85|2.26|1.06|0
20170529|TRIL|Triwira Insanlestari Tbk.|50|0|0|50|0|0|12.5|0|50|2058200|J|0|0|B|3.85|2.26|1.06|0
20170529|TRIM|Trimegah Sekuritas Indonesia Tbk.|96|100|95|98|1618100|156845500|98.756|0|98|119300|J|97|1500|B|3.85|2.26|1.06|0
20170529|TRIO|Trikomsel Oke Tbk.|2000|0|0|2000|0|0|887.785|0|0|0|J|0|0|B|3.85|2.26|1.06|0
20170529|TRIS|Trisula International Tbk.|312|316|306|312|3954400|1243982800|104|0|314|92100|J|306|118300|B|3.85|2.26|1.06|0
20170529|TRIS-W|Waran Seri I Trisula International Tbk.|10|10|10|10|1400|14000|1000|0|10|1000|J|9|102500|B|3.85|2.26|1.06|0
20170529|TRST|Trias Sentosa Tbk.|320|324|300|322|300|94600|192.079|0|320|200|J|308|36300|B|3.85|2.26|1.06|0
20170529|TRUB|Truba Alam Manunggal Engineering Tbk.|50|0|0|50|0|0|45.455|0|0|0|J|0|0|B|3.85|2.26|1.06|0
20170529|TRUS|Trust Finance Indonesia Tbk|195|0|0|195|0|0|229.412|0|0|0|J|175|200|B|3.85|2.26|1.06|0
20170529|TSPC|Tempo Scan Pacific Tbk.|2050|2060|2000|2060|214800|442381000|367.49|0|2070|125200|J|2060|26100|B|3.85|2.26|1.06|0
20170529|TURI|Tunas Ridean Tbk.|1150|1150|1145|1145|663400|759833000|2544.445|0|1150|449400|J|1145|93500|B|3.85|2.26|1.06|0
20170529|ULTJ|Ultra Jaya Milk Industry & Trading Compa|4900|5100|4900|5075|703900|3498500000|2455.012|0|5075|53900|J|5050|10000|B|3.85|2.26|1.06|0
20170529|UNIC|Unggul Indah Cahaya Tbk.|4990|6225|5250|6225|39800|245377500|230.55|0|0|0|J|6225|21600|B|3.85|2.26|1.06|0
20170529|UNIT|Nusantara Inti Corpora Tbk|278|284|270|270|7700|2118800|6.703|0|270|26300|J|250|2000|B|3.85|2.26|1.06|0
20170529|UNSP|Bakrie Sumatera Plantations Tbk.|216|222|216|218|1202600|262958000|10.353|0|218|116500|J|216|1271300|B|3.85|2.26|1.06|0
20170529|UNTR|United Tractors Tbk.|24575|26100|24650|26025|7014200|179505320000|30982.143|0|26050|21100|J|26025|733400|B|3.85|2.26|1.06|24750
20170529|UNVR|Unilever Indonesia Tbk.|47700|47900|47225|47325|810700|38379285000|242319.509|0|47325|61200|J|47300|200|B|3.85|2.26|1.06|47800
20170529|VICO|Victoria Investama Tbk.|278|330|268|290|88100|25748400|232|0|290|32400|J|268|20500|B|3.85|2.26|1.06|0
20170529|VINS|Victoria Insurance Tbk.|292|298|280|296|97700|28341000|281.905|0|296|53400|J|292|1200|B|3.85|2.26|1.06|0
20170529|VINS-W|Waran Seri I Victoria Insurance Tbk.|149|183|131|170|626300|92000100|17000|0|170|11600|J|149|5000|B|3.85|2.26|1.06|0
20170529|VIVA|Visi Media Asia Tbk.|370|370|362|366|2788900|1020646400|122|0|366|100000|J|364|600|B|3.85|2.26|1.06|0
20170529|VOKS|Voksel Electric Tbk.|1685|1720|1690|1690|66600|113112500|149.516|0|1690|600|J|1685|5000|B|3.85|2.26|1.06|0
20170529|VRNA|Verena Multi Finance Tbk.|103|104|101|102|216300|22159100|102.911|0|103|18600|J|102|45400|B|3.85|2.26|1.06|0
20170529|WAPO|Wahana Pronatural Tbk.|60|65|57|60|638900|39057500|34.286|0|60|14100|J|58|143300|B|3.85|2.26|1.06|0
20170529|WEHA|WEHA Transportasi Indonesia Tbk.|200|200|198|200|5805600|1156069500|87.308|0|200|323000|J|199|15200|B|3.85|2.26|1.06|0
20170529|WICO|Wicaksana Overseas International Tbk.|498|530|492|500|2800800|1430618600|25.847|0|500|148400|J|498|35000|B|3.85|2.26|1.06|0
20170529|WIIM|Wismilak Inti Makmur Tbk.|434|438|420|430|165200|70269400|66.154|0|430|258000|J|422|1000|B|3.85|2.26|1.06|0
20170529|WIKA|Wijaya Karya (Persero) Tbk.|2320|2350|2270|2280|10792700|24650281000|586.039|0|2280|388500|J|2270|293800|B|3.85|2.26|1.06|2320
20170529|WINS|Wintermar Offshore Marine Tbk.|270|272|270|270|109000|29490000|73.018|0|272|5800|J|270|72000|B|3.85|2.26|1.06|0
20170529|WOMF|Wahana Ottomitra Multiartha Tbk.|161|163|157|157|1554600|247782200|23.802|0|157|65500|J|156|48800|B|3.85|2.26|1.06|0
20170529|WSBP|Waskita Beton Precast Tbk.|488|490|480|484|44867000|21747275800|98.776|0|484|2381000|J|482|686900|B|3.85|2.26|1.06|0
20170529|WSKT|Waskita Karya (Persero) Tbk.|2390|2390|2360|2380|9569400|22775445000|642.376|0|2390|5457100|J|2380|2374600|B|3.85|2.26|1.06|2360
20170529|WTON|Wijaya Karya Beton Tbk.|650|660|650|650|3627200|2363815000|110.17|0|655|440400|J|650|937500|B|3.85|2.26|1.06|0
20170529|XCID|DIRE Ciptadana Properti Ritel Indonesia|99|99|94|99|851700|84313900|90|0|99|38900|J|95|10000|B|3.85|2.26|1.06|0
20170529|XIIC|Reksa Dana Premier ETF Indonesia Consume|1092|1127|1127|1127|1500|1690500|112.7|0|1127|98500|J|1092|100000|B|3.85|2.26|1.06|0
20170529|XIIF|Reksa Dana Premier ETF Indonesia Financi|672|682|682|682|5000|3410000|136.674|0|682|99700|J|658|100000|B|3.85|2.26|1.06|0
20170529|XIIT|Reksa Dana Premier ETF IDX30|521|542|533|542|2000|1079900|142.632|0|542|99400|J|521|100000|B|3.85|2.26|1.06|0
20170529|XIJI|Reksa Dana Syariah Premier ETF JII|756|762|762|762|1000|762000|112.556|0|762|99000|J|745|1500|B|3.85|2.26|1.06|0
20170529|XISB|Reksa Dana Premier ETF Indonesia Soverei|398|0|0|398|0|0|100|0|0|0|J|375|200|B|3.85|2.26|1.06|0
20170529|XISC|Reksa Dana Premier ETF Indonesia Stated-|712|747|747|747|7000|5229000|149.7|0|747|99000|J|721|100000|B|3.85|2.26|1.06|0
20170529|XISI|Premier ETF SMinfra18|372|377|377|377|16600|6258200|122.403|0|394|100000|J|374|100000|B|3.85|2.26|1.06|0
20170529|XISR|Premier ETF SRI-KEHATI|345|0|0|345|0|0|116.95|0|361|100000|J|343|100000|B|3.85|2.26|1.06|0
20170529|XPLQ|Reksa Dana Pinnacle Enhanced Liquid ETF|531|0|0|531|0|0|106.2|0|524|100000|J|503|100000|B|3.85|2.26|1.06|0
20170529|YPAS|Yanaprima Hastapersada Tbk|1000|0|0|1000|0|0|183.487|0|970|2000|J|0|0|B|3.85|2.26|1.06|0
20170529|YULE|Yulie Sekurindo Tbk|65|66|56|65|1800|107300|30.233|0|65|400|J|58|3400|B|3.85|2.26|1.06|0
20170529|ZBRA|Zebra Nusantara Tbk|50|50|50|50|4100|205000|28.961|0|51|46300|J|0|0|B|3.85|2.26|1.06|0
