20170112|AALI|Astra Agro Lestari Tbk.|17000|17175|16850|17175|1200700|20533220000|1395.254|0|17175|116000|J|17125|6900|B|17000
20170112|ABBA|Mahaka Media Tbk.|50|50|50|50|12000|600000|87.719|0|50|120100|J|0|0|B|0
20170112|ABDA|Asuransi Bina Dana Arta Tbk.|6900|0|0|6900|0|0|1575.274|0|6900|5800|J|0|0|B|0
20170112|ABMM|ABM Investama Tbk.|2120|2150|2150|2150|100|215000|57.333|0|2140|200|J|2000|1000|B|0
20170112|ACES|Ace Hardware Indonesia Tbk.|765|775|755|755|10758100|8218816500|920.732|0|760|10000|J|755|385500|B|0
20170112|ACST|Acset Indonusa Tbk.|2880|2880|2830|2880|301700|867156000|120.943|0|2880|18300|J|2830|5200|B|0
20170112|ADES|Akasha Wira International Tbk.|1035|1040|1030|1035|6500|6729000|53.766|0|1030|200|J|1020|2000|B|0
20170112|ADHI|Adhi Karya (Persero) Tbk.|2220|2250|2200|2200|13042500|28884658000|1727.753|0|2200|233300|J|2190|399500|B|2210
20170112|ADMF|Adira Dinamika Multi Finance Tbk.|6250|6500|6250|6350|69800|440757500|273.118|0|6375|100|J|6350|4900|B|0
20170112|ADMG|Polychem Indonesia Tbk|131|136|131|132|1686400|225835600|11.782|0|132|30300|J|131|98200|B|0
20170112|ADRO|Adaro Energy Tbk.|1745|1750|1715|1715|22256200|38659748000|155.909|0|1730|2000|J|1715|29000|B|1750
20170112|AGII|Aneka Gas Industri Tbk.|895|905|890|895|8108800|7284998000|81.364|0|895|116900|J|890|35000|B|0
20170112|AGRO|Bank Rakyat Indonesia Agroniaga Tbk.|442|500|442|468|279751800|131033289600|711.711|0|470|461900|J|468|3806300|B|0
20170112|AGRO-W|Waran Seri II Bank Rakyat Indonesia Agro|294|372|288|326|8973200|2938113400|32600|0|326|12800|J|324|26600|B|0
20170112|AGRS|Bank Agris Tbk.|88|94|88|88|87000|7755400|80|0|90|51100|J|88|94700|B|0
20170112|AHAP|Asuransi Harta Aman Pratama Tbk.|196|0|0|196|0|0|395.353|0|199|1500|J|190|1000|B|0
20170112|AIMS|Akbar Indo Makmur Stimec Tbk|140|170|140|170|3000|475000|136|0|170|8800|J|150|8900|B|0
20170112|AISA|Tiga Pilar Sejahtera Food Tbk.|1995|2000|1995|2000|2246800|4487144000|243.431|0|2000|674500|J|1995|100000|B|0
20170112|AKKU|Anugerah Kagum Karya Utama Tbk.|104|110|101|102|25298300|2631229700|154.822|0|102|242500|J|101|1043400|B|0
20170112|AKPI|Argha Karya Prima Industry Tbk.|835|900|700|900|400|319000|118.719|0|900|3900|J|725|300|B|0
20170112|AKRA|AKR Corporindo Tbk.|6250|6225|6150|6200|2358500|14612360000|4941.381|0|6200|42700|J|6175|2100|B|6175
20170112|AKSI|Majapahit Inti Corpora Tbk.|125|0|0|125|0|0|62.5|0|0|0|J|0|0|B|0
20170112|ALDO|Alkindo Naratama Tbk.|600|0|0|600|0|0|266.667|0|0|0|J|600|900|B|0
20170112|ALKA|Alakasa Industrindo Tbk|250|266|266|266|100|26600|44.781|0|246|100|J|0|0|B|0
20170112|ALMI|Alumindo Light Metal Industry Tbk.|183|183|183|183|100|18300|28.154|0|183|15000|J|181|100|B|0
20170112|ALTO|Tri Banyan Tirta Tbk.|300|300|296|300|1022200|304290200|149.883|0|298|19900|J|290|26100|B|0
20170112|ALTO-W|Waran Seri I Tri Banyan Tirta Tbk.|350|0|0|350|0|0|35000|0|0|0|J|5|200|B|0
20170112|AMAG|Asuransi Multi Artha Guna Tbk.|394|394|394|394|102100|40227400|375.238|0|396|38400|J|394|29600|B|0
20170112|AMFG|Asahimas Flat Glass Tbk.|6525|0|0|6525|0|0|266.327|0|6650|7100|J|6525|100|B|0
20170112|AMIN|Ateliers Mecaniques D Indonesie Tbk.|302|300|294|300|97000|29070000|234.375|0|300|66900|J|294|30000|B|0
20170112|AMRT|Sumber Alfaria Trijaya Tbk.|585|585|585|585|200|117000|1492.766|0|575|39900|J|570|1000|B|0
20170112|ANJT|Austindo Nusantara Jaya Tbk.|1990|0|0|1990|0|0|165.833|0|0|0|J|0|0|B|0
20170112|ANTM|Aneka Tambang (Persero) Tbk.|875|880|865|865|26714800|23281492500|570.317|0|870|131300|J|865|3670500|B|870
20170112|APEX|Apexindo Pratama Duta Tbk.|1780|0|0|1780|0|0|113.956|0|1780|48500|J|0|0|B|0
20170112|APIC|Pacific Strategic Financial Tbk.|406|408|404|404|3537200|1436688400|429.714|0|406|53500|J|404|149800|B|0
20170112|APIC-W|Waran Seri II Pacific Strategic Financia|270|270|270|270|5100|1377000|27000|0|300|10000|J|270|44900|B|0
20170112|APII|Arita Prima Indonesia Tbk.|250|0|0|250|0|0|113.636|0|248|9800|J|188|32400|B|0
20170112|APLI|Asiaplast Industries Tbk.|120|122|120|122|189500|22740400|101.667|0|122|300|J|121|100|B|0
20170112|APLN|Agung Podomoro Land Tbk.|224|236|224|228|51045900|11788339000|62.466|0|230|271200|J|228|911300|B|0
20170112|APOL|Arpeni Pratama Ocean Line Tbk.|58|0|0|58|0|0|18.56|0|0|0|J|0|0|B|0
20170112|ARGO|Argo Pantes Tbk|900|0|0|900|0|0|22.613|0|0|0|J|0|0|B|0
20170112|ARII|Atlas Resources Tbk.|486|0|0|486|0|0|32.4|0|486|20000|J|366|500|B|0
20170112|ARNA|Arwana Citramulia Tbk.|492|496|486|492|1924800|945635000|3343.982|0|494|2500|J|492|10200|B|0
20170112|ARTA|Arthavest Tbk|288|0|0|288|0|0|167.063|0|288|9500|J|260|10000|B|0
20170112|ARTI|Ratu Prabu Energi Tbk|50|50|50|50|16150200|807510000|12.251|0|50|4|J|0|0|B|0
20170112|ARTO|Bank Artos Indonesia Tbk.|160|160|106|106|2700|425700|80.303|0|160|5600|J|106|100000|B|0
20170112|ASBI|Asuransi Bintang Tbk.|386|0|0|386|0|0|293.024|0|364|2600|J|300|9000|B|0
20170112|ASDM|Asuransi Dayin Mitra Tbk.|985|0|0|985|0|0|290.947|0|940|100|J|900|500|B|0
20170112|ASGR|Astra Graphia Tbk.|1790|1820|1770|1790|8300|14892000|371.123|0|1795|16400|J|1790|900|B|0
20170112|ASII|Astra International Tbk.|8025|8100|7925|7925|25391700|202454940000|5667.313|0|7950|377100|J|7925|545600|B|8025
20170112|ASJT|Asuransi Jasa Tania Tbk.|176|176|176|176|1130000|198880000|117.333|0|181|760000|J|177|1101100|B|0
20170112|ASMI|Asuransi Kresna Mitra Tbk.|468|468|466|466|2357400|1102916400|862.963|0|470|105000|J|466|233700|B|0
20170112|ASMI-W|Waran Seri I Asuransi Kresna Mitra Tbk.|352|0|0|352|0|0|176000|0|0|0|J|0|0|B|0
20170112|ASRI|Alam Sutera Realty Tbk.|374|392|374|378|103181700|39610426600|360|0|378|1489700|J|376|460100|B|374
20170112|ASRM|Asuransi Ramayana Tbk.|2210|2200|2200|2200|100|220000|787.486|0|2200|2500|J|1880|300|B|0
20170112|ASSA|Adi Sarana Armada Tbk.|198|200|195|197|1003900|196760500|50.513|0|197|23400|J|196|10000|B|0
20170112|ATIC|Anabatic Technologies Tbk.|695|690|685|685|8000|5490000|97.857|0|690|100|J|685|2000|B|0
20170112|ATPK|Bara Jaya Internasional Tbk.|194|0|0|194|0|0|112.677|0|0|0|J|0|0|B|0
20170112|AUTO|Astra Otoparts Tbk.|2010|2010|2000|2000|33200|66711000|1808.809|0|2000|2300|J|1955|100|B|0
20170112|BABP|Bank MNC Internasional Tbk.|69|71|70|70|4770200|333918100|80.343|0|71|2256600|J|70|5074500|B|0
20170112|BABP-W|Waran Seri II Bank MNC Internasional Tbk|6|7|5|7|8080900|48882800|700|0|7|1|J|6|335900|B|0
20170112|BABP-W2|Waran Seri III Bank MNC Internasional Tb|110|0|0|110|0|0|11000|0|110|2100|J|34|10000|B|0
20170112|BACA|Bank Capital Indonesia Tbk.|202|204|199|199|1408400|282443600|146.717|0|200|120000|J|199|55400|B|0
20170112|BACA-W|Waran Seri II Bank Capital Indonesia Tbk|87|0|0|87|0|0|8700|0|0|0|J|87|20200|B|0
20170112|BACA-W2|Waran Seri III Bank Capital Indonesia Tb|87|0|0|87|0|0|8700|0|0|0|J|87|2000000|B|0
20170112|BAJA|Saranacentral Bajatama Tbk.|336|338|328|332|3171200|1055660600|132.8|0|332|123600|J|330|5100|B|0
20170112|BALI|Bali Towerindo Sentra Tbk.|1025|1020|1005|1020|17600|17950500|1275|0|1020|100|J|930|200|B|0
20170112|BALI-W|Waran Seri I Bali Towerindo Sentra Tbk.|750|0|0|750|0|0|375000|0|6000|100|J|750|20000|B|0
20170112|BAPA|Bekasi Asri Pemula Tbk.|50|50|50|50|2000|100000|33.333|0|50|234600|J|0|0|B|0
20170112|BATA|Sepatu Bata Tbk.|790|790|725|775|53500|39967500|10051.881|0|770|5000|J|760|1500|B|0
20170112|BAYU|Bayu Buana Tbk|850|0|0|850|0|0|104.846|0|850|18800|J|800|100|B|0
20170112|BBCA|Bank Central Asia Tbk.|15300|15450|15275|15325|6156200|94498647500|8757.143|0|15325|232700|J|15300|6100|B|15300
20170112|BBHI|Bank Harda Internasional Tbk.|62|79|59|68|41211500|2746575600|54.4|0|69|188500|J|68|157800|B|0
20170112|BBKP|Bank Bukopin Tbk.|625|630|620|625|3730900|2331459000|185.41|0|625|599400|J|620|588000|B|0
20170112|BBLD|Buana Finance Tbk.|825|0|0|825|0|0|327.869|0|825|1500|J|720|1500|B|0
20170112|BBMD|Bank Mestika Dharma Tbk.|1500|0|0|1500|0|0|108.696|0|1800|3000|J|1500|3100|B|0
20170112|BBNI|Bank Negara Indonesia (Persero) Tbk.|5600|5625|5550|5550|5229800|29231952500|26.694|0|5575|186000|J|5550|407200|B|5625
20170112|BBNP|Bank Nusantara Parahyangan Tbk.|1910|0|0|1910|0|0|478.549|0|0|0|J|0|0|B|0
20170112|BBRI|Bank Rakyat Indonesia (Persero) Tbk.|11800|11925|11875|11875|13239300|157478327500|2714.286|0|11900|12100|J|11875|245800|B|11900
20170112|BBRM|Pelayaran Nasional Bina Buana Raya Tbk.|50|51|50|50|204500|10326500|21.739|0|50|127000|J|0|0|B|0
20170112|BBTN|Bank Tabungan Negara (Persero) Tbk.|1840|1900|1845|1885|28821800|54041061000|245.869|0|1885|2006900|J|1880|7500|B|1850
20170112|BBYB|Bank Yudha Bhakti Tbk.|340|368|330|342|562700|196575400|316.374|0|348|10000|J|342|10700|B|0
20170112|BBYB-W|Waran Seri I Bank Yudha Bhakti Tbk.|202|210|202|204|240900|49612600|20400|0|206|10000|J|204|6100|B|0
20170112|BCAP|MNC Kapital Indonesia Tbk.|1500|0|0|1500|0|0|607.251|0|1490|20000|J|1225|200|B|0
20170112|BCIC|Bank JTrust Indonesia Tbk.|50|0|0|50|0|0|33.74|0|0|0|J|0|0|B|0
20170112|BCIP|Bumi Citra Permai Tbk.|250|270|238|238|50449200|13002202000|216.364|0|240|89200|J|238|1912800|B|0
20170112|BDMN|Bank Danamon Indonesia Tbk.|3690|3760|3680|3750|1267500|4718947000|2.118|0|3750|198700|J|3700|100|B|0
20170112|BEKS|Bank Pembangunan Daerah Banten Tbk.|61|62|60|61|290377600|17722452800|265.114|0|61|9004300|J|60|9827610|B|0
20170112|BEST|Bekasi Fajar Industrial Estate Tbk.|260|282|260|276|168356900|46214377600|162.353|0|278|1647500|J|276|3207400|B|0
20170112|BFIN|BFI Finance  Indonesia Tbk.|3500|0|0|3500|0|0|1793.621|0|3500|41300|J|3300|200|B|0
20170112|BGTG|Bank Ganesha Tbk.|76|83|73|76|2914700|225508400|73.786|0|77|5400|J|76|100000|B|0
20170112|BHIT|MNC Investama Tbk.|135|140|134|135|27827500|3770771300|394.795|0|136|3076300|J|135|3340500|B|0
20170112|BIKA|Binakarya Jaya Abadi Tbk.|496|494|486|486|50200|24552000|48.6|0|494|12200|J|486|13700|B|0
20170112|BIMA|Primarindo Asia Infrastructure Tbk.|190|0|0|190|0|0|46.685|0|166|100|J|126|10000|B|0
20170112|BINA|Bank Ina Perdana Tbk.|488|510|420|420|2689200|1274128200|183.566|0|420|281800|J|410|10300|B|0
20170112|BIPI|Benakat Integra Tbk.|101|113|99|107|724062200|77407840100|76.429|0|107|1728800|J|106|7585300|B|0
20170112|BIPP|Bhuwanatala Indah Permai Tbk.|95|94|93|94|600|56300|39.199|0|94|30800|J|92|1300|B|0
20170112|BIPP-W|Waran Seri III Bhuwanatala Indah Permai|18|20|20|20|500|10000|2000|0|20|473600|J|19|5500|B|0
20170112|BIPP-W2|Waran Seri IV Bhuwanatala Indah Permai T|1|0|0|1|0|0|100|0|0|0|J|5|200|B|0
20170112|BIRD|Blue Bird Tbk.|2890|2900|2850|2900|47700|137487000|44.615|0|2900|108900|J|2890|500|B|0
20170112|BISI|BISI International Tbk.|1790|1790|1740|1780|290500|510764000|890|0|1780|40700|J|1775|100|B|0
20170112|BJBR|Bank Pembangunan Daerah Jawa Barat dan B|2870|2900|2800|2810|8991200|25512880000|468.333|0|2820|26700|J|2810|63300|B|0
20170112|BJTM|Bank Pembangunan Daerah Jawa Timur Tbk.|625|630|615|615|44042600|27313447000|143.023|0|620|9256000|J|615|2874500|B|0
20170112|BKDP|Bukit Darmo Property Tbk|62|0|0|62|0|0|51.667|0|70|9900|J|63|20000|B|0
20170112|BKSL|Sentul City Tbk.|90|93|89|91|191764300|17520011900|6.288|0|92|2|J|91|4670800|B|0
20170112|BKSW|Bank QNB Indonesia Tbk.|356|356|356|356|100|35600|642.622|0|350|5000|J|282|10000|B|0
20170112|BLTA|Berlian Laju Tanker Tbk|196|0|0|196|0|0|2.579|0|0|0|J|0|0|B|0
20170112|BLTZ|Graha Layar Prima Tbk.|8600|8900|8600|8600|15200|132740000|286.667|0|8600|300|J|8500|1500|B|0
20170112|BMAS|Bank Maspion Indonesia Tbk.|400|430|398|398|22400|8965600|124.375|0|398|12100|J|352|1000|B|0
20170112|BMRI|Bank Mandiri (Persero) Tbk.|11375|11475|11300|11300|7284000|83010027500|1702.492|0|11350|800|J|11300|260600|B|11400
20170112|BMSR|Bintang Mitra Semestaraya Tbk|125|0|0|125|0|0|25|0|126|100|J|116|30000|B|0
20170112|BMTR|Global Mediacom Tbk.|655|660|645|645|15843700|10312758500|524.988|0|650|895700|J|645|619400|B|655
20170112|BNBA|Bank Bumi Arta Tbk.|195|195|195|195|100000|19500000|121.875|0|195|10000|J|183|100000|B|0
20170112|BNBR|Bakrie & Brothers Tbk|50|50|50|50|600|30000|1.719|0|50|2|J|0|0|B|0
20170112|BNGA|Bank CIMB Niaga Tbk.|910|915|880|880|6799700|6059611500|6.497|0|885|10200|J|880|1209800|B|0
20170112|BNII|Bank Maybank Indonesia Tbk.|346|394|346|378|79008900|29855661400|4.468|0|380|671800|J|378|3678500|B|0
20170112|BNLI|Bank Permata Tbk.|530|530|520|525|6569100|3459122500|5.535|0|530|595800|J|525|681400|B|0
20170112|BOGA|Bintang Oto Global Tbk.|384|388|382|384|13492100|5196798200|372.816|0|386|192600|J|384|350100|B|0
20170112|BOGA-W|Waran Seri I Bintang Oto Global Tbk.|185|193|182|185|85700|15947700|18500|0|193|14100|J|185|4200|B|0
20170112|BOLT|Garuda Metalindo Tbk.|815|815|800|810|2346700|1904369000|147.273|0|815|16800|J|810|8400|B|0
20170112|BORN|Borneo Lumbung Energi & Metal Tbk.|50|0|0|50|0|0|4.274|0|0|0|J|0|0|B|0
20170112|BPFI|Batavia Prosperindo Finance Tbk.|500|0|0|500|0|0|479.566|0|0|0|J|376|100|B|0
20170112|BPII|Batavia Prosperindo Internasional Tbk.|3500|0|0|3500|0|0|700|0|0|0|J|0|0|B|0
20170112|BRAM|Indo Kordsa Tbk.|6350|6350|5200|6200|3300|18590000|241.297|0|6200|800|J|5200|3000|B|0
20170112|BRAU|Berau Coal Energy Tbk.|82|0|0|82|0|0|20.5|0|0|0|J|0|0|B|0
20170112|BRMS|Bumi Resources Minerals Tbk.|82|86|75|75|840964900|67448945000|11.811|0|75|6804400|J|74|7357400|B|0
20170112|BRNA|Berlina Tbk.|1070|1060|1050|1050|91500|96400000|787.815|0|1050|8500|J|1045|37500|B|0
20170112|BRPT|Barito Pacific Tbk.|1650|1685|1640|1665|21058400|35127498500|65.196|0|1670|7000|J|1665|30700|B|0
20170112|BSDE|Bumi Serpong Damai Tbk.|1720|1750|1725|1735|23310700|40533617000|339.86|0|1740|280300|J|1735|3888900|B|1725
20170112|BSIM|Bank Sinarmas Tbk.|850|860|810|840|64900|54972000|572.913|0|840|2000|J|810|60600|B|0
20170112|BSIM-W2|Waran Seri II Bank Sinarmas Tbk.|570|585|585|585|200000|117000000|58500|0|585|200000|J|575|50000|B|0
20170112|BSIM-W3|Waran Seri III Bank Sinarmas Tbk.|210|0|0|210|0|0|21000|0|230|500000|J|222|50000|B|0
20170112|BSSR|Baramulti Suksessarana Tbk.|1270|0|0|1270|0|0|65.128|0|1270|2100|J|995|2000|B|0
20170112|BSWD|Bank Of India Indonesia Tbk.|2050|0|0|2050|0|0|1530.65|0|2000|500|J|0|0|B|0
20170112|BTEK|Bumi Teknokultura Unggul Tbk|1395|1330|1200|1205|241600|293337500|1156.796|0|1300|5000|J|1205|46000|B|0
20170112|BTEL|Bakrie Telecom Tbk.|50|0|0|50|0|0|46.913|0|50|4|J|0|0|B|0
20170112|BTON|Betonjaya Manunggal Tbk.|125|122|121|122|22200|2705400|407.441|0|125|3300|J|121|27500|B|0
20170112|BTPN|Bank Tabungan Pensiunan Nasional Tbk.|2590|2590|2580|2590|11700|30190000|501.392|0|2630|2500|J|2590|1600|B|0
20170112|BUDI|Budi Starch & Sweetener Tbk.|95|99|95|96|8891000|867940100|52.03|0|97|470500|J|96|2378600|B|0
20170112|BUKK|Bukaka Teknik Utama Tbk.|740|750|700|745|2800|2061000|126.271|0|745|6900|J|710|200|B|0
20170112|BULL|Buana Listya Tama Tbk.|150|158|148|149|15137700|2317894400|12.016|0|150|71500|J|149|52600|B|0
20170112|BUMI|Bumi Resources Tbk.|368|396|362|370|2237346500|853669571800|21.474|0|372|8306500|J|370|1749700|B|0
20170112|BUVA|Bukit Uluwatu Villa Tbk.|595|595|565|595|27100|15469500|228.846|0|595|99200|J|575|1900|B|0
20170112|BVIC|Bank Victoria International Tbk.|106|120|107|107|200200|22092500|101.179|0|109|70000|J|107|4500|B|0
20170112|BWPT|Eagle High Plantations Tbk.|276|282|274|276|57889900|16100461200|60.364|0|278|1364700|J|276|1853900|B|0
20170112|BYAN|Bayan Resources Tbk.|5900|0|0|5900|0|0|101.724|0|6000|16000|J|4750|100|B|0
20170112|CANI|Capitol Nusantara Indonesia Tbk.|980|980|850|880|64500|57819500|440|0|915|2500|J|880|3300|B|0
20170112|CASA|Capital Financial Indonesia Tbk.|448|456|446|456|71324300|32171682800|350.769|0|456|1032900|J|454|57100|B|0
20170112|CASA-W|Waran Seri I Capital Financial Indonesia|296|296|296|296|100|29600|29600|0|350|1000|J|298|20000|B|0
20170112|CASS|Cardig Aero Services Tbk.|850|850|850|850|5000|4250000|212.5|0|930|1500|J|845|5000|B|0
20170112|CEKA|Wilmar Cahaya Indonesia Tbk.|1355|1355|1300|1345|53900|71930500|277.893|0|1345|9000|J|1335|3500|B|0
20170112|CENT|Centratama Telekomunikasi Indonesia Tbk.|136|158|130|152|433135100|62840931200|972.8|0|153|626800|J|152|4648400|B|0
20170112|CFIN|Clipan Finance Indonesia Tbk.|250|270|250|258|912100|233806000|20.189|0|258|3800|J|256|209700|B|0
20170112|CINT|Chitose Internasional Tbk.|314|316|312|314|4013800|1262283000|95.152|0|314|97800|J|312|115000|B|0
20170112|CITA|Cita Mineral Investindo Tbk.|900|0|0|900|0|0|3265.839|0|0|0|J|0|0|B|0
20170112|CKRA|Cakra Mineral Tbk.|70|70|67|70|248600|16913500|31.16|0|70|44100|J|68|1500|B|0
20170112|CLPI|Colorpak Indonesia Tbk.|970|990|945|960|18600|17702500|480|0|975|2900|J|960|88800|B|0
20170112|CMNP|Citra Marga Nusaphala Persada Tbk.|1580|1595|1560|1570|142800|225083000|150.231|0|1570|8100|J|1565|10600|B|0
20170112|CMPP|Rimau Multi Putra Pratama Tbk.|103|103|103|103|9500|978500|16.796|0|106|300|J|103|67400|B|0
20170112|CNKO|Exploitasi Energi Indonesia Tbk.|52|53|51|51|21355800|1099395500|3.354|0|52|7139200|J|51|3661260|B|0
20170112|CNTB|Saham Seri B ( Centex Tbk )|250|0|0|250|0|0|0|0|0|0|J|226|200|B|0
20170112|CNTX|Century Textile Industry Tbk.|870|0|0|870|0|0|1581.818|0|835|300|J|675|3000|B|0
20170112|COWL|Cowell Development Tbk.|1090|1100|1085|1085|2479100|2705667000|834.615|0|1085|80600|J|1080|214000|B|0
20170112|CPGT|Citra Maharlika Nusantara Corpora Tbk.|50|50|50|50|4100|205000|26.316|0|50|1|J|0|0|B|0
20170112|CPIN|Charoen Pokphand Indonesia Tbk|3140|3190|3140|3190|5354500|16973528000|14528.396|0|3190|176200|J|3160|5000|B|3140
20170112|CPRO|Central Proteina Prima Tbk.|50|51|50|50|91958700|4598735100|45.455|0|50|6397300|J|0|0|B|0
20170112|CSAP|Catur Sentosa Adiprana Tbk.|505|510|500|510|3065100|1556699000|257.361|0|510|20100|J|505|48100|B|0
20170112|CTBN|Citra Tubindo Tbk.|5200|0|0|5200|0|0|4346.009|0|0|0|J|0|0|B|0
20170112|CTRA|Ciputra Development Tbk.|1275|1300|1265|1270|18554000|23674468500|284.346|0|1275|545400|J|1270|70200|B|0
20170112|CTRP|Ciputra Property Tbk.|685|695|675|690|5130100|3511378500|101.144|0|690|181400|J|685|20500|B|0
20170112|CTRS|Ciputra Surya Tbk.|2720|2740|2620|2710|571200|1545798000|1112.799|0|2710|4500|J|2700|50000|B|0
20170112|CTTH|Citatah Tbk.|83|0|0|83|0|0|3.495|0|83|50000|J|75|1500|B|0
20170112|DAJK|Dwi Aneka Jaya Kemasindo Tbk.|50|50|50|50|35800|1790000|10.638|0|50|2897000|J|0|0|B|0
20170112|DART|Duta Anggada Realty Tbk.|370|0|0|370|0|0|68.399|0|380|9000|J|330|2000|B|0
20170112|DAYA|Duta Intidaya Tbk.|191|195|191|195|11800|2273000|108.333|0|195|514300|J|191|24000|B|0
20170112|DEFI|Danasupra Erapacific Tbk|765|770|760|770|6400|4891000|1545.502|0|770|300|J|765|600|B|0
20170112|DEWA|Darma Henwa Tbk|53|56|51|52|697638500|37858228100|17.156|0|53|3|J|52|8903400|B|0
20170112|DGIK|Nusa Konstruksi Enjiniring Tbk.|61|65|60|60|11668600|723914300|26.667|0|61|140000|J|60|1116800|B|0
20170112|DILD|Intiland Development Tbk.|472|494|464|492|82102400|39412793200|85.735|0|492|1236800|J|490|7499900|B|0
20170112|DKFT|Central Omega Resources Tbk.|404|430|404|404|4210900|1733388000|1037.76|0|404|215500|J|402|52400|B|0
20170112|DLTA|Delta Djakarta Tbk.|4580|4600|4560|4580|15700|71906000|27377.608|0|4580|5900|J|4520|2100|B|0
20170112|DMAS|Puradelta Lestari Tbk.|218|228|218|220|48687400|10882856400|104.762|0|222|550000|J|220|4827400|B|0
20170112|DNAR|Bank Dinar Indonesia Tbk.|284|328|300|306|801100|256202200|278.182|0|324|100|J|306|43100|B|0
20170112|DNET|Indoritel Makmur Internasional Tbk.|1100|1130|1050|1130|5300|5581000|992.63|0|1130|10000|J|1100|500000|B|0
20170112|DOID|Delta Dunia Makmur Tbk.|535|545|525|525|19130700|10208512000|710.766|0|530|405800|J|525|1115000|B|0
20170112|DPNS|Duta Pertiwi Nusantara Tbk.|404|396|396|396|100|39600|128.663|0|398|100|J|368|3200|B|0
20170112|DPUM|Dua Putra Utama Makmur Tbk.|555|570|550|560|1833000|1013328500|101.818|0|560|42100|J|555|15000|B|0
20170112|DSFI|Dharma Samudera Fishing Industries Tbk.|164|170|160|161|12697800|2099040700|91.628|0|163|29900|J|161|342500|B|0
20170112|DSNG|Dharma Satya Nusantara Tbk.|540|545|535|545|728900|393166500|147.297|0|540|100|J|535|2900|B|0
20170112|DSSA|Dian Swastatika Sentosa Tbk|5550|0|0|5550|0|0|370|0|6600|100|J|4500|100|B|0
20170112|DUTI|Duta Pertiwi Tbk|5800|0|0|5800|0|0|583.325|0|6350|1000|J|5400|1000|B|0
20170112|DVLA|Darya-Varia Laboratoria Tbk.|1745|0|0|1745|0|0|642.32|0|1720|10000|J|1710|10000|B|0
20170112|DYAN|Dyandra Media International Tbk.|59|61|59|60|2942400|176299100|17.143|0|61|1722900|J|60|4014700|B|0
20170112|ECII|Electronic City Indonesia Tbk.|650|675|675|675|10000|6750000|16.667|0|675|3000|J|600|100|B|0
20170112|EKAD|Ekadharma International Tbk.|575|585|575|585|337400|195601000|1485.073|0|585|8400|J|580|11000|B|0
20170112|ELSA|Elnusa Tbk.|434|444|434|438|24231300|10626136400|109.5|0|440|1037900|J|438|55300|B|440
20170112|ELTY|Bakrieland Development Tbk.|50|50|50|50|530700|26535000|10.308|0|50|9|J|0|0|B|0
20170112|EMDE|Megapolitan Developments Tbk.|140|141|141|141|5000|705000|56.4|0|143|10000|J|141|2500|B|0
20170112|EMTK|Elang Mahkota Teknologi Tbk.|8400|0|0|8400|0|0|1166.667|0|8800|100|J|8400|300|B|0
20170112|ENRG|Energi Mega Persada Tbk.|50|50|50|50|7053500|352675000|33.349|0|50|4|J|0|0|B|0
20170112|EPMT|Enseval Putera Megatrading Tbk.|2920|2900|2900|2900|1000|2900000|2028.979|0|2980|2000|J|2810|1000|B|0
20170112|ERAA|Erajaya Swasembada Tbk.|615|625|610|625|1504900|930666000|62.5|0|625|126500|J|620|72600|B|0
20170112|ERTX|Eratex Djaja Tbk.|166|157|140|157|16000|2272000|66.635|0|166|2000|J|157|109600|B|0
20170112|ESSA|Surya Esa Perkasa Tbk.|1500|1500|1500|1500|11000|16500000|245.902|0|1650|5000|J|1400|25000|B|0
20170112|ESTI|Ever Shine Tex Tbk.|95|0|0|95|0|0|38.151|0|115|2500|J|75|10000|B|0
20170112|ETWA|Eterindo Wahanatama Tbk|88|86|81|81|101600|8293700|6.671|0|81|27700|J|80|200|B|0
20170112|EXCL|XL Axiata Tbk.|2690|2770|2670|2770|6775600|18460609000|140.58|0|2770|183500|J|2760|100000|B|0
20170112|FAST|Fast Food Indonesia Tbk.|1500|1500|1440|1490|1400|2041500|2343.32|0|1485|200|J|1450|200|B|0
20170112|FASW|Fajar Surya Wisesa Tbk.|4080|4120|4080|4110|131700|539649000|941.883|0|4120|11600|J|4110|8600|B|0
20170112|FISH|FKS Multi Agro Tbk.|4590|0|0|4590|0|0|3672|0|4400|1800|J|0|0|B|0
20170112|FMII|Fortune Mate Indonesia Tbk|510|510|510|510|209500|106845000|510|0|510|17200|J|440|5000|B|0
20170112|FORU|Fortune Indonesia Tbk|260|250|250|250|4900|1225000|192.308|0|278|500|J|252|1000|B|0
20170112|FPNI|Lotte Chemical Titan Tbk.|127|128|123|125|53700|6676900|37.916|0|126|6000|J|123|900|B|0
20170112|FREN|Smartfren Telecom Tbk.|57|59|57|57|602900|34720800|3.167|0|58|400000|J|57|280800|B|0
20170112|GAMA|Gading Development Tbk.|50|50|50|50|100|5000|47.619|0|50|9663900|J|0|0|B|0
20170112|GDST|Gunawan Dianjaya Steel Tbk.|118|120|117|118|1770400|209232800|73.75|0|118|135000|J|117|394700|B|0
20170112|GDYR|Goodyear Indonesia Tbk.|1920|0|0|1920|0|0|1536|0|2200|15000|J|0|0|B|0
20170112|GEMA|Gema Grahasarana Tbk.|410|420|410|420|33300|13933000|186.667|0|420|500|J|410|9500|B|0
20170112|GEMS|Golden Energy Mines Tbk.|2800|2800|2770|2800|37500|104069000|112|0|2800|33500|J|2520|100|B|0
20170112|GGRM|Gudang Garam Tbk.|63150|63975|63250|63250|370300|23617752500|2468.293|0|63625|300|J|63250|16900|B|63700
20170112|GIAA|Garuda Indonesia (Persero) Tbk.|338|344|338|342|4876300|1666418200|45.974|0|344|1225500|J|342|1500|B|0
20170112|GJTL|Gajah Tunggal Tbk.|1155|1170|1130|1130|7559000|8656523000|221.847|0|1135|100|J|1130|89700|B|0
20170112|GLOB|Global Teleshop Tbk.|456|0|0|456|0|0|39.652|0|0|0|J|0|0|B|0
20170112|GMCW|Grahamas Citrawisata Tbk.|860|0|0|860|0|0|86|0|0|0|J|0|0|B|0
20170112|GMTD|Gowa Makassar Tourism Development Tbk.|6700|0|0|6700|0|0|1165.217|0|8000|1800|J|5800|100|B|0
20170112|GOLD|Visi Telekomunikasi Infrastruktur Tbk.|500|0|0|500|0|0|142.857|0|0|0|J|500|3800|B|0
20170112|GOLL|Golden Plantation Tbk.|119|119|117|118|132000|15685000|40.972|0|118|100|J|117|9500|B|0
20170112|GOLL-W|Waran Seri I Golden Plantation Tbk.|12|22|12|16|12185600|199887300|1600|0|16|137400|J|15|105800|B|0
20170112|GPRA|Perdana Gapuraprima Tbk.|197|204|183|195|1117700|206977000|84.115|0|195|28600|J|190|29700|B|0
20170112|GREN|Evergreen Invesco Tbk.|208|220|202|210|2097700|445423400|200|0|214|48800|J|210|12800|B|0
20170112|GSMF|Equity Development Investment Tbk.|96|105|87|104|33300|3433300|8.367|0|103|900|J|102|4000|B|0
20170112|GTBO|Garda Tujuh Buana Tbk|260|0|0|260|0|0|226.087|0|0|0|J|0|0|B|0
20170112|GWSA|Greenwood Sejahtera Tbk.|126|130|125|125|27200|3465900|50|0|127|9800|J|125|5000|B|0
20170112|GZCO|Gozco Plantations Tbk.|75|75|73|74|1949700|143376300|39.338|0|75|2389900|J|74|1010700|B|0
20170112|HADE|HD Capital Tbk|50|0|0|50|0|0|131.579|0|50|4984200|J|0|0|B|0
20170112|HDFA|Radana Bhaskara Finance Tbk.|200|228|212|228|400|88000|123.456|0|228|7100|J|188|3500|B|0
20170112|HDTX|Panasia Indo Resources Tbk.|420|0|0|420|0|0|66.232|0|525|100|J|322|5000|B|0
20170112|HERO|Hero Supermarket Tbk.|1250|1250|1230|1230|28600|35578000|2567.421|0|1250|12300|J|1230|15600|B|0
20170112|HEXA|Hexindo Adiperkasa Tbk.|3120|3120|3100|3110|38100|118419000|952.06|0|3150|3000|J|3110|7000|B|0
20170112|HITS|Humpuss Intermoda Transportasi Tbk.|775|775|775|775|15000|11625000|1192.308|0|775|24500|J|625|200|B|0
20170112|HMSP|H.M. Sampoerna Tbk.|3950|3970|3900|3900|6781000|26641856000|19468.85|0|3940|5000|J|3900|619100|B|3950
20170112|HOME|Hotel Mandarine Regency Tbk.|200|204|204|204|1003500|204714000|216.862|0|238|72200|J|210|4000|B|0
20170112|HOTL|Saraswati Griya Lestari Tbk.|150|150|148|148|3700|550000|80|0|148|297500|J|140|200|B|0
20170112|HOTL-W|Waran Seri I Saraswati Griya Lestari Tbk|13|21|14|18|12981200|240076400|1800|0|18|350800|J|16|20100|B|0
20170112|HRUM|Harum Energy Tbk.|2080|2140|2070|2080|3600500|7557102000|40|0|2090|51100|J|2080|68000|B|0
20170112|IATA|Indonesia Transport & Infrastructure Tbk|50|50|50|50|3500|175000|38.462|0|50|7600200|J|0|0|B|0
20170112|IBFN|Intan Baruprana Finance Tbk.|175|0|0|175|0|0|60.764|0|0|0|J|174|48300|B|0
20170112|IBST|Inti Bangun Sejahtera Tbk.|1850|0|0|1850|0|0|198.968|0|2300|8000|J|1700|100|B|0
20170112|ICBP|Indofood CBP Sukses Makmur Tbk.|8575|8625|8525|8550|1985700|17046902500|316.96|0|8575|5000|J|8550|34800|B|8525
20170112|ICON|Island Concepts Indonesia Tbk.|500|0|0|500|0|0|959.767|0|0|0|J|0|0|B|0
20170112|IDPR|Indonesia Pondasi Raya Tbk.|1180|1240|1120|1120|753500|853826000|87.5|0|1140|10000|J|1120|1700|B|0
20170112|IGAR|Champion Pacific Indonesia Tbk.|525|540|515|525|91300|47919500|343.137|0|525|79500|J|520|1000|B|0
20170112|IIKP|Inti Agri Resources Tbk|2620|2650|2630|2640|5365400|14160845000|504.616|0|2640|1100|J|2620|800|B|0
20170112|IKAI|Intikeramik Alamasri Industri Tbk.|71|72|72|72|2500|180000|9.6|0|75|100|J|70|1300|B|0
20170112|IKBI|Sumi Indo Kabel Tbk.|320|316|310|316|1500|473200|28.657|0|318|100|J|304|3300|B|0
20170112|IMAS|Indomobil Sukses Internasional Tbk.|1320|1320|1320|1320|200|264000|177.211|0|1350|1700|J|1310|100|B|0
20170112|IMJS|Indomobil Multi Jasa Tbk.|320|364|324|344|16738500|5810954600|68.8|0|346|5900|J|344|2625100|B|0
20170112|IMPC|Impack Pratama Industri Tbk.|1030|1035|1025|1030|826400|853677000|271.053|0|1030|10000|J|1025|9900|B|0
20170112|INAF|Indofarma Tbk.|4530|4600|4450|4450|274600|1240336000|1780|0|4450|200|J|4430|2100|B|0
20170112|INAI|Indal Aluminium Industry Tbk.|720|720|700|710|8100|5810000|129.444|0|710|9800|J|655|800|B|0
20170112|INCF|Indo Komoditi Korpora Tbk.|480|0|0|480|0|0|390.244|0|476|2200|J|466|2500|B|0
20170112|INCI|Intanwijaya Internasional Tbk|312|0|0|312|0|0|31.023|0|312|59300|J|304|20500|B|0
20170112|INCO|Vale Indonesia Tbk.|3020|3020|2920|2950|12809800|37961807000|1204.082|0|2960|129100|J|2950|425900|B|2980
20170112|INDF|Indofood Sukses Makmur Tbk.|7950|7900|7825|7875|4348600|34127717500|1348.02|0|7875|62500|J|7850|83500|B|7825
20170112|INDR|Indo-Rama Synthetics Tbk.|755|0|0|755|0|0|101.685|0|745|4400|J|705|200|B|0
20170112|INDS|Indospring Tbk.|820|840|815|830|315100|261100500|77.812|0|830|21600|J|825|32200|B|0
20170112|INDX|Tanah Laut Tbk|90|96|90|95|1435900|135906700|7.6|0|96|17500|J|95|1181900|B|0
20170112|INDY|Indika Energy Tbk.|715|805|720|765|44850700|34806546000|25.932|0|770|305800|J|765|421300|B|0
20170112|INKP|Indah Kiat Pulp & Paper Tbk.|1025|1025|995|995|613500|618647000|51.271|0|1000|100200|J|995|76400|B|0
20170112|INPC|Bank Artha Graha Internasional Tbk.|113|121|110|112|72270300|8310939200|0.64|0|113|106000|J|112|2744900|B|0
20170112|INPC-W|Waran Seri I Bank Artha Graha Internasio|27|28|24|24|50982200|1286062400|2400|0|25|69000|J|24|498500|B|0
20170112|INPP|Indonesian Paradise Property Tbk.|575|575|565|565|662200|379063500|538.095|0|570|42500|J|565|25700|B|0
20170112|INRU|Toba Pulp Lestari Tbk.|286|300|300|300|71600|21480000|3.046|0|302|100|J|290|3300|B|0
20170112|INTA|Intraco Penta Tbk.|346|342|342|342|6300|2154600|202.667|0|348|6500|J|344|2000|B|0
20170112|INTD|Inter Delta Tbk|810|820|820|820|500|410000|50.507|0|830|7000|J|700|10000|B|0
20170112|INTP|Indocement Tunggal Prakarsa Tbk.|15075|15275|15025|15025|781200|11847392500|601|0|15150|200|J|15025|3300|B|15075
20170112|INVS|Inovisi Infracom Tbk.|117|0|0|117|0|0|874.636|0|0|0|J|0|0|B|0
20170112|IPOL|Indopoly Swakarsa Industry Tbk.|145|158|142|157|12695300|1948373000|74.762|0|158|453200|J|155|97500|B|0
20170112|ISAT|Indosat Tbk.|6200|6200|6175|6175|126000|778175000|441.071|0|6175|83100|J|6150|1300|B|0
20170112|ISSP|Steel Pipe Industry of Indonesia Tbk.|228|232|222|230|16220300|3679484800|77.966|0|230|1122200|J|228|107300|B|0
20170112|ITMA|Sumber Energi Andalan Tbk.|1260|1350|1250|1265|58300|76265000|364.029|0|1265|1200|J|1260|1000|B|0
20170112|ITMG|Indo Tambangraya Megah Tbk.|15550|15850|15525|15850|1373500|21592102500|113.214|0|15850|33600|J|15675|5700|B|0
20170112|ITTG|Leo Investments Tbk.|82|0|0|82|0|0|54.667|0|0|0|J|0|0|B|0
20170112|JAWA|Jaya Agra Wattie Tbk.|119|120|118|119|8684200|1024875000|23.8|0|119|53500|J|118|724100|B|0
20170112|JECC|Jembo Cable Company Tbk.|3110|3550|3550|3550|100|355000|269.051|0|3550|900|J|3210|100|B|0
20170112|JGLE|Graha Andrasentra Propertindo Tbk.|414|434|412|414|14395500|6094397200|295.714|0|416|42300|J|414|40000|B|0
20170112|JIHD|Jakarta International Hotels & Developme|492|0|0|492|0|0|279.086|0|492|1100000|J|470|3000|B|0
20170112|JKON|Jaya Konstruksi Manggala Pratama Tbk.|620|0|0|620|0|0|513.173|0|620|484100|J|590|50200|B|0
20170112|JKSW|Jakarta Kyoei Steel Works Tbk.|68|75|68|68|1200|84400|10.462|0|74|10000|J|68|200|B|0
20170112|JPFA|Japfa Comfeed Indonesia Tbk.|1560|1615|1570|1600|12001600|19208128500|437.397|0|1605|170300|J|1600|2400|B|0
20170112|JPRS|Jaya Pari Steel Tbk|137|139|137|137|26200|3614700|87.821|0|138|1200|J|137|12000|B|0
20170112|JRPT|Jaya Real Property Tbk.|875|875|875|875|50000|43750000|841.346|0|875|1143500|J|805|50000|B|0
20170112|JSMR|Jasa Marga (Persero) Tbk.|4270|4270|4210|4250|6936500|29347286000|250.619|0|4250|101100|J|4220|42200|B|4250
20170112|JSPT|Jakarta Setiabudi Internasional Tbk.|3000|0|0|3000|0|0|646.106|0|0|0|J|0|0|B|0
20170112|JTPE|Jasuindo Tiga Perkasa Tbk.|330|328|318|322|1016600|328000600|715.556|0|322|97000|J|320|200|B|0
20170112|KAEF|Kimia Farma Tbk.|2720|2750|2680|2680|1878700|5077792000|2680|0|2690|2500|J|2680|205100|B|0
20170112|KARW|ICTSI Jasa Prima Tbk.|236|236|228|236|48800|11408400|39.95|0|236|75800|J|230|1000|B|0
20170112|KBLI|KMI Wire & Cable Tbk.|278|292|274|282|8139900|2313546200|34.265|0|282|534500|J|280|259400|B|0
20170112|KBLM|Kabelindo Murni Tbk.|272|310|268|276|573300|159211000|9.2|0|276|38800|J|272|2800|B|0
20170112|KBLV|First Media Tbk.|1335|0|0|1335|0|0|355.11|0|1350|100|J|1225|100|B|0
20170112|KBRI|Kertas Basuki Rachmat Indonesia Tbk.|50|0|0|50|0|0|9.615|0|50|5522800|J|0|0|B|0
20170112|KDSI|Kedawung Setia Industrial Tbk.|340|340|340|340|65000|22100000|85|0|366|1000|J|340|5800|B|0
20170112|KIAS|Keramika Indonesia Assosiasi Tbk.|76|78|78|78|2000|156000|2.836|0|78|1200|J|76|800|B|0
20170112|KICI|Kedaung Indah Can Tbk|118|122|117|119|15100|1782200|25.265|0|122|51900|J|118|6000|B|0
20170112|KIJA|Kawasan Industri Jababeka Tbk.|284|286|280|284|10531700|2983685400|9.793|0|284|108600|J|282|786000|B|0
20170112|KINO|Kino Indonesia Tbk.|2870|3080|2870|3050|643300|1939493000|80.263|0|3060|11400|J|3050|5000|B|0
20170112|KKGI|Resource Alam Indonesia Tbk.|1475|1575|1455|1555|153000|236064500|1091.228|0|1555|1700|J|1550|800|B|0
20170112|KLBF|Kalbe Farma Tbk.|1545|1555|1525|1530|18220600|27904148000|14922.462|0|1530|390800|J|1525|52100|B|1550
20170112|KOBX|Kobexindo Tractors Tbk.|94|95|93|94|218300|20412400|23.5|0|95|9900|J|94|175100|B|0
20170112|KOIN|Kokoh Inti Arebama Tbk|212|0|0|212|0|0|143.412|0|0|0|J|222|100|B|0
20170112|KONI|Perdana Bangun Pusaka Tbk|460|0|0|460|0|0|96.842|0|440|4600|J|0|0|B|0
20170112|KOPI|Mitra Energi Persada Tbk.|695|700|695|700|55500|38656000|177.215|0|700|1700|J|690|15500|B|0
20170112|KPIG|MNC Land Tbk.|1495|0|0|1495|0|0|321.692|0|1485|12900|J|1210|10000|B|0
20170112|KRAH|Grand Kartech Tbk.|2350|2360|2350|2360|71200|167854000|858.182|0|2360|2100|J|2350|600|B|0
20170112|KRAS|Krakatau Steel (Persero) Tbk.|820|835|800|805|32205700|26308265500|100.079|0|805|521400|J|800|1890500|B|0
20170112|KREN|Kresna Graha Investama Tbk.|454|454|452|452|6438200|2911359800|4702.455|0|454|676000|J|452|210200|B|0
20170112|LAMI|Lamicitra Nusantara Tbk.|368|0|0|368|0|0|294.4|0|0|0|J|0|0|B|0
20170112|LAPD|Leyand International Tbk.|50|50|50|50|100|5000|92.782|0|50|2|J|0|0|B|0
20170112|LCGP|Eureka Prima Jakarta Tbk.|135|148|133|139|57157800|8045009600|111.2|0|140|209300|J|139|45900|B|0
20170112|LEAD|Logindo Samudramakmur Tbk.|109|147|111|147|154415500|21478614800|21.015|0|0|0|J|147|1060920|B|0
20170112|LINK|Link Net Tbk.|5350|5300|5050|5300|133200|703045000|331.25|0|5300|27300|J|5050|1600|B|0
20170112|LION|Lion Metal Works Tbk.|950|950|950|950|1000|950000|594.981|0|950|99000|J|755|1100|B|0
20170112|LMAS|Limas Indonesia Makmur Tbk|50|0|0|50|0|0|15.714|0|50|685700|J|0|0|B|0
20170112|LMPI|Langgeng Makmur Industri Tbk.|142|146|138|145|101700|14559700|21.158|0|145|31100|J|142|200|B|0
20170112|LMSH|Lionmesh Prima Tbk.|510|500|500|500|1500|750000|69.444|0|540|100|J|500|10100|B|0
20170112|LPCK|Lippo Cikarang Tbk|5150|5225|5150|5175|1098100|5694602500|559.459|0|5200|179100|J|5175|16600|B|0
20170112|LPGI|Lippo General Insurance Tbk.|5700|5800|5675|5800|55700|319565000|260.674|0|6000|7000|J|5800|1400|B|0
20170112|LPIN|Multi Prima Sejahtera Tbk|5400|6400|6400|6400|200|1280000|146.219|0|6400|296500|J|4320|5000|B|0
20170112|LPKR|Lippo Karawaci Tbk.|775|780|765|770|24249000|18745639500|197.151|0|770|117600|J|765|1249800|B|770
20170112|LPLI|Star Pacific Tbk|236|240|236|240|19800|4738000|7.404|0|240|400|J|234|6300|B|0
20170112|LPPF|Matahari Department Store Tbk.|15325|15450|15225|15250|1416200|21700487500|345.562|0|15325|1700|J|15250|135000|B|15450
20170112|LPPS|Lippo Securities Tbk.|107|114|107|110|486300|54158200|7.472|0|111|30000|J|109|50000|B|0
20170112|LRNA|Eka Sari Lorena Transport Tbk.|173|208|178|181|24400|4622500|20.111|0|192|2700|J|180|15800|B|0
20170112|LRNA-W|Waran Seri I Eka Sari Lorena Transport T|23|33|22|25|2918400|79356000|2500|0|25|18900|J|24|268700|B|0
20170112|LSIP|PP London Sumatra Indonesia Tbk.|1725|1730|1690|1690|12723600|21682406500|436.129|0|1695|55800|J|1690|677500|B|1725
20170112|LTLS|Lautan Luas Tbk.|370|374|370|370|1263100|467873200|130.794|0|372|14200|J|370|40000|B|0
20170112|MAGP|Multi Agro Gemilang Plantation Tbk.|50|50|50|50|3300|165000|45.455|0|50|3|J|0|0|B|0
20170112|MAIN|Malindo Feedmill Tbk.|1235|1255|1230|1245|777400|968511000|707.386|0|1245|26800|J|1240|18100|B|0
20170112|MAMI|Mas Murni Indonesia Tbk|50|50|50|50|200|10000|5.745|0|50|2|J|0|0|B|0
20170112|MAMIP|Mas Murni Tbk (Saham Preferen)|600|0|0|600|0|0|400|0|0|0|J|474|200|B|0
20170112|MAPI|Mitra Adiperkasa Tbk.|5275|5425|5200|5375|225400|1210332500|860|0|5375|9900|J|5200|1200|B|0
20170112|MARI|Mahaka Radio Integra Tbk.|1000|1005|985|1000|355400|354302500|133.333|0|1000|55600|J|995|28700|B|0
20170112|MASA|Multistrada Arah Sarana Tbk.|254|258|256|256|144200|37053200|182.025|0|260|1000|J|256|60000|B|0
20170112|MAYA|Bank Mayapada Internasional Tbk.|3150|0|0|3150|0|0|1196.558|0|3200|29200|J|2370|100|B|0
20170112|MBAP|Mitrabara Adiperdana Tbk.|1905|0|0|1905|0|0|146.538|0|1905|100|J|1450|1900|B|0
20170112|MBSS|Mitrabahtera Segara Sejati Tbk.|328|346|322|336|1000900|337808400|21|0|338|12000|J|336|71400|B|0
20170112|MBTO|Martina Berto Tbk.|180|185|180|185|1200|219500|25|0|185|46900|J|180|5800|B|0
20170112|MCOR|Bank Windu Kentjana International Tbk.|152|172|152|164|61122400|10038330500|147.096|0|165|50000|J|164|272600|B|0
20170112|MDIA|Intermedia Capital Tbk.|1900|2090|1900|2090|8200|16308000|151.449|0|2090|49300|J|1900|200|B|0
20170112|MDKA|Merdeka Copper Gold Tbk.|1990|0|0|1990|0|0|99.5|0|2090|10000|J|1990|500|B|0
20170112|MDLN|Modernland Realty Tbk.|330|338|328|330|8505400|2839444800|97.936|0|330|17700|J|328|231600|B|0
20170112|MDRN|Modern Internasional Tbk.|100|107|98|101|4242100|433813100|16.238|0|102|40500|J|101|15100|B|0
20170112|MEDC|Medco Energi Internasional Tbk.|1495|1510|1470|1475|3749400|5570543500|582.843|0|1475|117900|J|1470|156200|B|0
20170112|MEGA|Bank Mega Tbk.|2550|0|0|2550|0|0|1858.763|0|2550|400|J|2500|200|B|0
20170112|MERK|Merck Tbk.|9350|9300|9300|9300|100|930000|24520.79|0|9300|5400|J|9100|300|B|0
20170112|META|Nusantara Infrastructure Tbk.|126|126|123|125|8048000|1002628500|37.526|0|126|801700|J|125|109600|B|0
20170112|MFIN|Mandala Multifinance Tbk.|760|770|760|765|212700|161879000|392.308|0|770|28300|J|760|137800|B|0
20170112|MFMI|Multifiling Mitra Indonesia Tbk.|700|710|680|700|46700|32397000|350|0|700|17600|J|695|500|B|0
20170112|MGNA|Magna Finance Tbk.|105|141|110|141|3212300|418706000|134.286|0|0|0|J|141|1520300|B|0
20170112|MGNA-W|Waran Seri I Magna Finance Tbk.|65|84|56|63|8484600|574505400|6300|0|64|3800|J|63|212000|B|0
20170112|MICE|Multi Indocitra Tbk.|450|0|0|450|0|0|91.837|0|486|100|J|450|1000|B|0
20170112|MIDI|Midi Utama Indonesia Tbk.|745|770|770|770|100|77000|280|0|800|129000|J|745|203000|B|0
20170112|MIKA|Mitra Keluarga Karyasehat Tbk.|2500|2510|2450|2480|4207600|10434266000|146.013|0|2490|1000|J|2480|39100|B|0
20170112|MIRA|Mitra International Resources Tbk.|50|0|0|50|0|0|22.062|0|50|7104000|J|0|0|B|0
20170112|MITI|Mitra Investindo Tbk.|72|84|68|74|3337800|262285100|6.246|0|74|13600|J|73|600|B|0
20170112|MKNT|Mitra Komunikasi Nusantara Tbk.|340|420|330|420|9100|3091000|210|0|418|900|J|330|11100|B|0
20170112|MKPI|Metropolitan Kentjana Tbk.|25800|25825|25800|25825|83600|2158942500|1229.762|0|25825|2900|J|23500|10000|B|0
20170112|MLBI|Multi Bintang Indonesia Tbk.|11900|11900|11900|11900|1000|11900000|75796.178|0|11900|4000|J|11600|100|B|0
20170112|MLIA|Mulia Industrindo Tbk|550|0|0|550|0|0|91.858|0|600|9900|J|550|2500|B|0
20170112|MLPL|Multipolar Tbk.|360|368|356|362|17739200|6406788400|41.522|0|362|958100|J|360|193500|B|0
20170112|MLPT|Multipolar Technology Tbk.|1795|1795|1755|1795|90700|162463000|373.958|0|1725|7900|J|1390|100|B|0
20170112|MMLP|Mega Manunggal Property Tbk.|685|685|680|680|7091000|4857285000|116.239|0|685|40000|J|680|160000|B|0
20170112|MNCN|Media Nusantara Citra Tbk.|1795|1810|1780|1780|4821000|8644027500|197.778|0|1785|70100|J|1780|60200|B|1800
20170112|MPMX|Mitra Pinasthika Mustika Tbk.|800|805|795|800|364700|291158000|53.333|0|800|3078100|J|795|21700|B|0
20170112|MPPA|Matahari Putra Prima Tbk.|1435|1455|1425|1425|350300|502640000|599.117|0|1430|33800|J|1425|105200|B|0
20170112|MRAT|Mustika Ratu Tbk.|212|212|212|212|1400|296800|32.615|0|212|1400|J|202|1000|B|0
20170112|MREI|Maskapai Reasuransi Indonesia Tbk.|4230|0|0|4230|0|0|362.827|0|4230|100|J|3180|100|B|0
20170112|MSKY|MNC Sky Vision Tbk.|1015|1030|1000|1015|458300|467324000|66.776|0|1015|112300|J|1000|5500|B|0
20170112|MTDL|Metrodata Electronics Tbk.|645|645|640|640|114300|73723000|1115.293|0|645|70700|J|640|293200|B|0
20170112|MTFN|Capitalinc Investment Tbk.|50|50|50|50|10100|505000|1.266|0|50|9|J|0|0|B|0
20170112|MTLA|Metropolitan Land Tbk.|292|292|280|286|200600|57597200|120.243|0|290|12400|J|286|900|B|0
20170112|MTRA|Mitra Pemuda Tbk.|314|318|314|316|101300|32018200|170.811|0|320|9800|J|316|5300|B|0
20170112|MTSM|Metro Realty Tbk.|354|0|0|354|0|0|90.712|0|354|2200|J|0|0|B|0
20170112|MYOH|Samindo Resources Tbk.|665|665|645|665|154700|101374500|79.207|0|670|304900|J|665|9100|B|0
20170112|MYOR|Mayora Indah Tbk.|1750|1760|1745|1750|1940000|3395121500|8754.377|0|1755|8500|J|1750|187700|B|0
20170112|MYRX|Hanson International Tbk.|168|175|167|172|1350808800|228333626900|117.3|0|172|4050600|J|171|6600|B|168
20170112|MYRXP|Saham Seri B Hanson International Tbk.|54|54|52|54|11800|633800|43.2|0|54|460800|J|53|86100|B|0
20170112|MYTX|Asia Pacific Investama Tbk.|62|0|0|62|0|0|8.275|0|74|900|J|64|3000|B|0
20170112|NAGA|Bank Mitraniaga Tbk.|167|210|210|210|100|21000|116.667|0|210|4400|J|200|200|B|0
20170112|NELY|Pelayaran Nelly Dwi Putri Tbk.|96|96|90|96|9700|921800|57.143|0|96|1700|J|90|10200|B|0
20170112|NIKL|Pelat Timah Nusantara Tbk.|2500|2870|2450|2800|29775300|81594211000|861.538|0|2810|41000|J|2800|1682300|B|0
20170112|NIPS|Nipress Tbk.|380|388|380|388|800|307200|282.379|0|388|2700|J|352|10000|B|0
20170112|NIRO|Nirvana Development Tbk.|90|91|88|91|1351600|121838900|86.667|0|91|31300|J|90|552400|B|0
20170112|NISP|Bank OCBC NISP Tbk.|1720|1720|1700|1700|30800|52374000|1030.01|0|1750|400|J|1700|3100|B|0
20170112|NOBU|Bank Nationalnobu Tbk.|805|820|805|820|1380600|1122302000|218.667|0|820|89100|J|815|62700|B|0
20170112|NRCA|Nusa Raya Cipta Tbk.|386|406|386|402|7121300|2857144800|47.294|0|402|317400|J|400|166900|B|0
20170112|OASA|Protech Mitra Perkasa Tbk.|278|286|262|268|677800|188899000|141.053|0|274|11000|J|268|41100|B|0
20170112|OCAP|Onix Capital Tbk.|430|0|0|430|0|0|215|0|0|0|J|0|0|B|0
20170112|OKAS|Ancora Indonesia Resources Tbk.|51|52|52|52|100|5200|130.101|0|52|197800|J|51|10000|B|0
20170112|OMRE|Indonesia Prima Property Tbk|180|0|0|180|0|0|8.62|0|0|0|J|143|1000|B|0
20170112|PADI|Minna Padi Investama Tbk.|476|480|474|480|30600|14583200|949.649|0|480|9600|J|478|500|B|0
20170112|PALM|Provident Agro Tbk.|470|0|0|470|0|0|104.444|0|460|2000|J|450|66600|B|0
20170112|PANR|Panorama Sentrawisata Tbk.|635|645|635|645|3250400|2088707500|386.992|0|650|42800|J|645|3100|B|0
20170112|PANS|Panin Sekuritas Tbk.|3700|3850|3700|3830|1000|3801000|2785.455|0|3790|2400|J|3670|100|B|0
20170112|PBRX|Pan Brothers Tbk.|430|436|426|430|35389100|15289674400|761.062|0|432|4500|J|430|194000|B|0
20170112|PBSA|Paramita Bangun Sarana Tbk.|1330|1300|1300|1300|800|1040000|108.333|0|1350|7300|J|1300|999200|B|0
20170112|PDES|Destinasi Tirta Nusantara Tbk|190|0|0|190|0|0|95|0|0|0|J|190|800|B|0
20170112|PEGE|Panca Global Securities Tbk.|200|0|0|200|0|0|200|0|270|184500|J|150|5000|B|0
20170112|PGAS|Perusahaan Gas Negara (Persero) Tbk.|2800|2830|2730|2730|8032800|22331564000|910|0|2750|2000|J|2730|2556500|B|2820
20170112|PGLI|Pembangunan Graha Lestari Indah Tbk.|55|60|58|58|1300|76600|77.333|0|58|300|J|56|1200|B|0
20170112|PICO|Pelangi Indah Canindo Tbk|218|0|0|218|0|0|33.538|0|218|134200|J|200|100000|B|0
20170112|PJAA|Pembangunan Jaya Ancol Tbk.|1885|1885|1860|1885|6000|11299000|367.805|0|1885|5200|J|1870|100|B|0
20170112|PKPK|Perdana Karya Perkasa Tbk|50|50|50|50|5000|250000|12.5|0|50|10000|J|0|0|B|0
20170112|PLAS|Polaris Investama Tbk|326|0|0|326|0|0|76.874|0|326|102200|J|254|5000|B|0
20170112|PLIN|Plaza Indonesia Realty Tbk.|4850|0|0|4850|0|0|2012.532|0|4850|1000|J|0|0|B|0
20170112|PNBN|Bank Pan Indonesia Tbk|755|765|755|760|1335600|1017109500|1265.401|0|765|75400|J|760|327000|B|0
20170112|PNBS|Bank Panin Syariah Tbk.|125|125|116|120|23446900|2783247200|120|0|120|586900|J|119|193300|B|0
20170112|PNBS-W|Waran Seri I Bank Panin Syariah Tbk.|3|0|0|3|0|0|300|0|0|0|J|0|0|B|0
20170112|PNIN|Paninvest Tbk.|625|635|625|625|11300|7063500|664.611|0|645|5000|J|625|8800|B|0
20170112|PNLF|Panin Financial Tbk.|177|181|176|180|47407500|8481607100|194.553|0|180|1004500|J|179|1441100|B|0
20170112|PNSE|Pudjiadi & Sons Tbk.|900|0|0|900|0|0|449.694|0|860|2100|J|0|0|B|0
20170112|POLY|Asia Pacific Fibers Tbk|59|64|56|61|6244400|382695900|0.524|0|61|475700|J|60|267300|B|0
20170112|POOL|Pool Advista Indonesia Tbk.|2260|2270|2270|2270|700|1589000|1184.142|0|2280|800|J|2270|300|B|0
20170112|POWR|Cikarang Listrindo Tbk.|1280|1295|1275|1280|224400|287229500|85.333|0|1285|8600|J|1280|107900|B|0
20170112|PPRO|PP Properti Tbk.|1280|1300|1280|1280|3956500|5088151500|691.892|0|1280|806900|J|1275|231300|B|0
20170112|PRAS|Prima Alloy Steel Universal Tbk.|171|174|171|172|65300|11243000|96.83|0|174|9300|J|172|900|B|0
20170112|PRDA|Prodia Widyahusada Tbk.|5650|5725|5500|5725|41900|233857500|88.077|0|5725|14500|J|5500|100|B|0
20170112|PSAB|J Resources Asia Pasifik Tbk.|244|248|244|246|588800|145522400|798.105|0|248|38200|J|246|63000|B|0
20170112|PSDN|Prasidha Aneka Niaga Tbk|135|140|140|140|1500|210000|14|0|139|700|J|135|201500|B|0
20170112|PSKT|Red Planet Indonesia Tbk.|770|0|0|770|0|0|162.594|0|770|31000|J|720|100|B|0
20170112|PSKT-W|Waran Seri I Red Planet Indonesia Tbk.|310|0|0|310|0|0|31000|0|0|0|J|5|200|B|0
20170112|PTBA|Tambang Batubara Bukit Asam (Persero) Tb|12100|12300|12150|12200|1605400|19632092500|2121.739|0|12225|35700|J|12200|118500|B|12300
20170112|PTIS|Indo Straits Tbk.|800|0|0|800|0|0|84.211|0|795|9600|J|0|0|B|0
20170112|PTPP|PP (Persero) Tbk.|3710|3740|3700|3710|8009400|29782729000|697.368|0|3720|26100|J|3710|2100|B|3730
20170112|PTRO|Petrosea Tbk.|750|790|750|755|1735400|1340269500|604|0|765|20500|J|755|7000|B|0
20170112|PTSN|Sat Nusapersada Tbk|65|68|64|65|10200|664500|11.207|0|65|500|J|63|1000|B|0
20170112|PTSP|Pioneerindo Gourmet International Tbk.|7300|0|0|7300|0|0|572.549|0|7300|5000|J|0|0|B|0
20170112|PUDP|Pudjiadi Prestige Tbk.|370|0|0|370|0|0|46.149|0|398|100|J|372|100|B|0
20170112|PWON|Pakuwon Jati Tbk.|585|595|585|595|46101700|27292562500|2293.843|0|600|6541700|J|595|1698900|B|585
20170112|PYFA|Pyridam Farma Tbk|214|222|208|208|1150400|248122000|203.842|0|210|1900|J|208|77700|B|0
20170112|R-ABFII|Asian Bond Fund - Indonesia Bond Index F|28600|0|0|28600|0|0|207.201|0|0|0|J|0|0|B|0
20170112|R-LQ45X|Premier ETF LQ-45 (R-LQ45X)|920|918|918|918|900|826200|157.192|0|926|100000|J|899|100000|B|0
20170112|RAJA|Rukun Raharja Tbk.|204|206|200|202|919500|185990200|693.872|0|204|92000|J|202|559400|B|0
20170112|RALS|Ramayana Lestari Sentosa Tbk.|1225|1265|1230|1230|11751900|14688071500|768.75|0|1240|2200|J|1230|1939800|B|0
20170112|RANC|Supra Boga Lestari Tbk.|505|530|505|530|1200|608500|106|0|525|1500|J|500|6000|B|0
20170112|RBMS|Ristia Bintang Mahkotasejati Tbk.|94|96|88|92|3932900|367954700|18.4|0|93|100|J|92|464000|B|0
20170112|RDTX|Roda Vivatex Tbk|10000|0|0|10000|0|0|526.818|0|9400|10000|J|0|0|B|0
20170112|RELI|Reliance Securities Tbk|426|0|0|426|0|0|196.615|0|426|189000|J|360|10000|B|0
20170112|RICY|Ricky Putra Globalindo Tbk|144|149|143|149|224600|32722900|23.665|0|149|11900|J|146|4000|B|0
20170112|RIGS|Rig Tenders Indonesia Tbk.|169|170|168|168|200|33800|68.838|0|168|5000|J|161|100|B|0
20170112|RIMO|Rimo International Lestari Tbk|190|0|0|190|0|0|38|0|0|0|J|0|0|B|0
20170112|RMBA|Bentoel Internasional Investama Tbk.|450|450|414|448|16500|7058200|3505.477|0|448|3400|J|432|100|B|0
20170112|RODA|Pikko Land Development Tbk.|350|436|350|398|17500|6267600|635.478|0|398|16300|J|396|500|B|0
20170112|ROTI|Nippon Indosari Corpindo Tbk.|1680|1690|1670|1680|4223600|7095128500|658.824|0|1685|1300|J|1680|53100|B|0
20170112|RUIS|Radiant Utama Interinsco Tbk.|242|256|228|250|51100|12320200|100|0|250|4900|J|230|62100|B|0
20170112|SAFE|Steady Safe Tbk|89|91|80|91|35700|2859100|9.162|0|91|900|J|90|100|B|0
20170112|SAME|Sarana Meditama Metropolitan Tbk.|2770|2770|2740|2750|408800|1127086000|687.5|0|2760|9800|J|2750|300|B|0
20170112|SCBD|Danayasa Arthatama Tbk.|1650|0|0|1650|0|0|330|0|0|0|J|1475|200|B|0
20170112|SCCO|Supreme Cable Manufacturing & Commerce T|7250|7250|7250|7250|1000|7250000|4677.419|0|7250|17900|J|7000|1000|B|0
20170112|SCMA|Surya Citra Media Tbk.|2800|2870|2810|2850|6560800|18672509000|1289.284|0|2850|17300|J|2840|2000|B|2830
20170112|SCPI|Merck Sharp Dohme Pharma Tbk.|29000|0|0|29000|0|0|227.451|0|0|0|J|0|0|B|0
20170112|SDMU|Sidomulyo Selaras Tbk.|418|432|410|410|4564800|1919429400|225.797|0|410|8500|J|408|116000|B|0
20170112|SDPC|Millennium Pharmacon International Tbk.|88|90|88|88|600|53800|57.72|0|88|2400|J|85|8500|B|0
20170112|SDRA|Bank Woori Saudara Indonesia 1906 Tbk.|1150|0|0|1150|0|0|1227.269|0|1170|7500|J|0|0|B|0
20170112|SGRO|Sampoerna Agro Tbk.|1900|1900|1880|1900|258900|489918500|81.197|0|1900|40100|J|1890|9200|B|0
20170112|SHID|Hotel Sahid Jaya International Tbk.|900|900|895|895|14800|13311000|41.591|0|900|62700|J|895|3500|B|0
20170112|SHIP|Sillo Maritime Perdana Tbk.|484|484|462|464|3094400|1461274800|331.429|0|468|25900|J|464|14000|B|0
20170112|SIAP|Sekawan Intipratama Tbk|83|0|0|83|0|0|82.046|0|0|0|J|0|0|B|0
20170112|SIDO|Industri Jamu dan Farmasi Sido Muncul Tb|520|530|515|530|3297500|1728293000|91.379|0|530|109100|J|525|27100|B|0
20170112|SILO|Siloam International Hospitals Tbk.|11675|11900|11675|11800|377100|4456827500|133.333|0|11800|368800|J|11775|4700|B|11675
20170112|SIMA|Siwani Makmur Tbk|164|0|0|164|0|0|20.888|0|0|0|J|0|0|B|0
20170112|SIMP|Salim Ivomas Pratama Tbk.|505|505|500|505|1624300|815848500|45.909|0|505|1244500|J|500|306800|B|0
20170112|SIPD|Sierad Produce Tbk.|700|0|0|700|0|0|0.778|0|700|10500|J|640|3000|B|0
20170112|SKBM|Sekar Bumi Tbk.|515|640|520|640|2607000|1607236000|556.522|0|640|9700|J|635|21900|B|0
20170112|SKLT|Sekar Laut Tbk.|430|535|535|535|300|160500|44.791|0|0|0|J|432|1200|B|0
20170112|SKYB|Skybee Tbk.|420|0|0|420|0|0|112|0|0|0|J|0|0|B|0
20170112|SMAR|Smart Tbk.|4250|4250|4250|4250|1200|5100000|1404.216|0|4300|3000|J|4250|300|B|0
20170112|SMBR|Semen Baturaja (Persero) Tbk.|2310|2500|2350|2350|4643600|11069213000|419.643|0|2380|12000|J|2350|2300|B|0
20170112|SMCB|Holcim Indonesia Tbk.|900|905|900|900|383300|345708500|1086.957|0|905|104500|J|900|100000|B|0
20170112|SMDM|Suryamas Dutamakmur Tbk.|81|86|79|80|1200600|96940400|10.136|0|80|27900|J|79|500000|B|0
20170112|SMDR|Samudera Indonesia  Tbk.|5700|5725|5600|5700|36000|204197500|1140|0|5700|1000|J|5650|2000|B|0
20170112|SMGR|Semen Indonesia (Persero) Tbk.|8850|8975|8675|8700|8310200|73139270000|3027.351|0|8725|500|J|8700|38200|B|8850
20170112|SMMA|Sinarmas Multiartha Tbk.|8500|8500|8500|8500|500|4250000|633.633|0|8300|1000|J|7900|500|B|0
20170112|SMMT|Golden Eagle Energy Tbk.|157|174|157|166|24411200|4086014300|388.359|0|167|140000|J|166|1073600|B|0
20170112|SMRA|Summarecon Agung Tbk.|1325|1360|1315|1360|15529300|20972746000|2234.637|0|1360|1139300|J|1350|140500|B|1315
20170112|SMRU|SMR Utama Tbk.|290|290|284|290|84200|24175600|70.919|0|290|16400|J|288|100000|B|0
20170112|SMSM|Selamat Sempurna Tbk.|895|905|890|900|303700|273260500|2403.91|0|900|182300|J|895|16800|B|0
20170112|SOBI|Sorini Agro Asia Corporindo Tbk.|1700|0|0|1700|0|0|1275.032|0|0|0|J|0|0|B|0
20170112|SOCI|Soechi Lines Tbk.|328|336|322|330|4930300|1625469200|60|0|332|2000|J|330|112900|B|0
20170112|SONA|Sona Topas Tourism Industry Tbk.|2520|2420|1905|1910|17200|33134000|185.212|0|1990|100|J|1910|3100|B|0
20170112|SPMA|Suparma Tbk.|185|195|180|190|389400|73036600|85.171|0|192|1200|J|190|3800|B|0
20170112|SQBB|Taisho Pharmaceutical Indonesia Tbk.|10500|0|0|10500|0|0|0|0|0|0|J|0|0|B|0
20170112|SQBI|Taisho Pharmaceutical Indonesia Tbk.|413500|390000|390000|390000|100|39000000|37142.857|0|413500|200|J|0|0|B|0
20170112|SQMI|Renuka Coalindo Tbk.|1640|0|0|1640|0|0|656|0|1530|100|J|0|0|B|0
20170112|SRAJ|Sejahteraraya Anugrahjaya Tbk.|206|218|216|216|3300|713000|230.52|0|216|67600|J|206|100|B|0
20170112|SRIL|Sri Rejeki Isman Tbk.|230|232|224|226|83866400|19048156400|94.167|0|228|5471200|J|226|5453400|B|230
20170112|SRSN|Indo Acidatama Tbk|50|50|50|50|10000|500000|9.107|0|50|1270900|J|0|0|B|0
20170112|SRTG|Saratoga Investama Sedaya Tbk.|3440|3440|3440|3440|100|344000|62.545|0|3440|300|J|3300|30000|B|0
20170112|SSIA|Surya Semesta Internusa Tbk.|476|520|484|515|61806900|31401597900|211.282|0|515|394500|J|510|963600|B|0
20170112|SSMS|Sawit Sumbermas Sarana Tbk.|1370|1375|1350|1360|33805300|46180767500|202.985|0|1360|600|J|1355|15800|B|1375
20170112|SSTM|Sunson Textile Manufacture Tbk|400|410|410|410|22900|9389000|96.471|0|418|24600|J|410|17100|B|0
20170112|STAR|Star  Petrochem Tbk.|55|56|56|56|5200|291200|54.902|0|56|251400|J|55|605000|B|0
20170112|STTP|Siantar Top Tbk.|3190|0|0|3190|0|0|1885.009|0|3710|10000|J|3190|4500|B|0
20170112|SUGI|Sugih Energy Tbk.|114|0|0|114|0|0|147.674|0|0|0|J|0|0|B|0
20170112|SULI|SLJ Global Tbk.|230|260|230|250|20067500|4991720600|3.571|0|250|33700|J|248|136000|B|0
20170112|SUPR|Solusi Tunas Pratama Tbk.|7000|0|0|7000|0|0|214.989|0|7800|25000|J|6625|100|B|0
20170112|TALF|Tunas Alfin Tbk.|420|0|0|420|0|0|106.329|0|414|100|J|0|0|B|0
20170112|TARA|Sitara Propertindo Tbk.|660|670|655|660|49275200|32684384500|622.642|0|665|48900|J|660|168900|B|0
20170112|TARA-W|Waran Seri I Sitara Propertindo Tbk.|540|0|0|540|0|0|54000|0|0|0|J|400|10000|B|0
20170112|TAXI|Express Transindo Utama Tbk.|171|173|166|169|3723200|629004900|30.179|0|169|467000|J|167|247000|B|0
20170112|TBIG|Tower Bersama Infrastructure Tbk.|5050|5125|4970|4970|2572000|12958607500|245.432|0|5000|15600|J|4970|108400|B|0
20170112|TBLA|Tunas Baru Lampung Tbk.|1165|1170|1150|1160|1314300|1521596500|264.147|0|1160|110700|J|1155|50200|B|0
20170112|TBMS|Tembaga Mulia Semanan Tbk.|740|720|720|720|1100|792000|102.128|0|775|2000|J|720|5100|B|0
20170112|TCID|Mandom Indonesia Tbk.|14000|14000|14000|14000|68100|953400000|1373.195|0|14200|5900|J|14000|12400|B|0
20170112|TELE|Tiphone Mobile Indonesia Tbk.|870|870|845|855|21091000|18034941000|275.806|0|860|50700|J|855|293300|B|0
20170112|TFCO|Tifico Fiber Indonesia Tbk.|1020|0|0|1020|0|0|231.146|0|950|2000|J|770|1000|B|0
20170112|TGKA|Tigaraksa Satria Tbk.|4300|0|0|4300|0|0|3533.569|0|4000|300|J|0|0|B|0
20170112|TIFA|Tifa Finance Tbk.|146|0|0|146|0|0|73|0|146|12400|J|134|200000|B|0
20170112|TINS|Timah (Persero) Tbk.|1165|1175|1150|1170|13087100|15230671000|597.863|0|1170|592300|J|1165|238000|B|0
20170112|TIRA|Tira Austenite Tbk|330|0|0|330|0|0|148.106|0|306|1100|J|0|0|B|0
20170112|TIRT|Tirta Mahakam Resources Tbk|123|128|120|128|14700|1790500|58.514|0|128|13400|J|119|2500|B|0
20170112|TKGA|Permata Prima Sakti Tbk.|1800|0|0|1800|0|0|72|0|0|0|J|0|0|B|0
20170112|TKIM|Pabrik Kertas Tjiwi Kimia Tbk.|855|860|850|860|158400|134647000|53.172|0|870|5400|J|830|10000|B|0
20170112|TKIM-W|Waran Seri II Pabrik Kertas Tjiwi Kimia|120|125|125|125|100|12500|12500|0|125|38200|J|90|1700|B|0
20170112|TLKM|Telekomunikasi Indonesia (Persero) Tbk.|3960|3970|3920|3960|45738500|180867473000|2081.089|0|3970|302100|J|3960|704300|B|3920
20170112|TMAS|Pelayaran Tempuran Emas Tbk.|1515|1535|1505|1510|2765100|4207158500|694.604|0|1515|104100|J|1510|82800|B|0
20170112|TMPI|Sigmagold Inti Perkasa Tbk.|50|50|50|50|281100|14055000|53.978|0|50|2785300|J|0|0|B|0
20170112|TMPO|Tempo Intimedia Tbk.|158|159|158|158|292400|46209700|52.667|0|162|100|J|158|475400|B|0
20170112|TOBA|Toba Bara Sejahtra Tbk.|1250|1280|1250|1280|6300|8039000|67.368|0|1280|10000|J|1245|100|B|0
20170112|TOTL|Total Bangun Persada Tbk.|805|810|790|800|1940300|1561284000|287.536|0|805|2000|J|800|478400|B|0
20170112|TOTO|Surya Toto Indonesia Tbk.|490|490|488|488|201300|98478800|1583.028|0|490|18400|J|488|76700|B|0
20170112|TOWR|Sarana Menara Nusantara Tbk.|3400|3420|3420|3420|100|342000|3268.88|0|3500|4300|J|3420|6100|B|0
20170112|TPIA|Chandra Asri Petrochemical Tbk.|21200|21375|21200|21225|2613900|55579945000|964.773|0|21250|4200|J|21225|12600|B|0
20170112|TPMA|Trans Power Marine Tbk.|316|320|306|306|4591200|1447039400|133.043|0|308|39100|J|306|26200|B|0
20170112|TRAM|Trada Maritime Tbk.|153|172|153|165|225889200|37296458600|132|0|166|1354200|J|165|5448500|B|0
20170112|TRIL|Triwira Insanlestari Tbk.|50|0|0|50|0|0|12.5|0|50|803900|J|0|0|B|0
20170112|TRIM|Trimegah Sekuritas Indonesia Tbk.|67|71|67|69|377200|26633600|69.532|0|71|2000|J|70|2500|B|0
20170112|TRIO|Trikomsel Oke Tbk.|2000|0|0|2000|0|0|887.784|0|0|0|J|0|0|B|0
20170112|TRIS|Trisula International Tbk.|334|336|332|334|4015700|1348751800|111.333|0|334|137800|J|332|120400|B|0
20170112|TRIS-W|Waran Seri I Trisula International Tbk.|40|0|0|40|0|0|4000|0|36|70000|J|22|100000|B|0
20170112|TRST|Trias Sentosa Tbk.|300|300|294|298|231000|68873200|177.762|0|314|10000|J|300|26600|B|0
20170112|TRUB|Truba Alam Manunggal Engineering Tbk.|50|0|0|50|0|0|45.455|0|0|0|J|0|0|B|0
20170112|TRUS|Trust Finance Indonesia Tbk|192|0|0|192|0|0|225.882|0|200|1000|J|0|0|B|0
20170112|TSPC|Tempo Scan Pacific Tbk.|1920|1920|1920|1920|92300|177216000|342.515|0|1940|5900|J|1915|25900|B|0
20170112|TURI|Tunas Ridean Tbk.|1300|1300|1295|1295|75900|98669000|2877.778|0|1300|182700|J|1295|94500|B|0
20170112|ULTJ|Ultra Jaya Milk Industry & Trading Compa|4420|4520|4330|4350|122200|546635000|2104.296|0|4350|8700|J|4340|800|B|0
20170112|UNIC|Unggul Indah Cahaya Tbk.|1755|0|0|1755|0|0|64.998|0|2190|100|J|1900|10000|B|0
20170112|UNIT|Nusantara Inti Corpora Tbk|360|0|0|360|0|0|8.936|0|360|7000|J|270|20100|B|0
20170112|UNSP|Bakrie Sumatra Plantations Tbk.|50|50|50|50|3585800|179290000|23.745|0|50|5|J|0|0|B|0
20170112|UNTR|United Tractors Tbk.|21800|21700|21225|21225|2319300|49918842500|25267.857|0|21500|3000|J|21225|45400|B|21700
20170112|UNVR|Unilever Indonesia Tbk.|39975|40050|39850|39950|3786700|151400452500|204557.092|0|39950|102700|J|39925|143800|B|39975
20170112|VICO|Victoria Investama Tbk.|90|0|0|90|0|0|72|0|110|100|J|89|50900|B|0
20170112|VINS|Victoria Insurance Tbk.|95|100|87|87|8100|801200|82.857|0|100|30000|J|87|1900|B|0
20170112|VINS-W|Waran Seri I Victoria Insurance Tbk.|22|29|21|24|1808100|44721800|2400|0|24|175900|J|22|11100|B|0
20170112|VIVA|Visi Media Asia Tbk.|322|322|310|320|16335700|5217826200|106.667|0|320|409100|J|318|600000|B|0
20170112|VOKS|Voksel Electric Tbk.|1150|0|0|1150|0|0|101.741|0|1390|4000|J|1130|1900|B|0
20170112|VRNA|Verena Multi Finance Tbk.|103|105|91|100|1252400|119037600|100|0|100|139400|J|96|20000|B|0
20170112|WAPO|Wahana Pronatural Tbk.|53|55|51|51|110400|5773800|29.143|0|52|4900|J|51|33900|B|0
20170112|WEHA|WEHA Transportasi Indonesia Tbk.|151|152|151|152|1084000|164193000|66.354|0|153|90000|J|152|10000|B|0
20170112|WICO|Wicaksana Overseas International Tbk.|50|55|50|51|5147900|266283400|2.636|0|51|260800|J|50|429900|B|0
20170112|WIIM|Wismilak Inti Makmur Tbk.|458|462|450|458|122600|56039200|70.462|0|458|60200|J|448|7200|B|0
20170112|WIKA|Wijaya Karya (Persero) Tbk.|2480|2510|2480|2490|7745900|19308167000|640.016|0|2500|552200|J|2490|1124200|B|2490
20170112|WINS|Wintermar Offshore Marine Tbk.|218|244|220|236|1343900|315305400|63.823|0|236|183400|J|228|10400|B|0
20170112|WOMF|Wahana Ottomitra Multiartha Tbk.|147|198|146|198|132085100|24759231800|30.018|0|0|0|J|198|2135070|B|0
20170112|WSBP|Waskita Beton Precast Tbk.|575|580|570|575|52629000|30277443500|117.347|0|580|9059900|J|575|1525600|B|0
20170112|WSKT|Waskita Karya (Persero) Tbk.|2590|2620|2570|2600|12668900|32963354000|701.754|0|2610|952500|J|2600|4296900|B|2580
20170112|WTON|Wijaya Karya Beton Tbk.|835|840|830|830|13973000|11695379000|140.678|0|835|185000|J|830|891400|B|0
20170112|XCID|DIRE Ciptadana Properti Ritel Indonesia|87|0|0|87|0|0|79.091|0|109|8400|J|88|100|B|0
20170112|XIIC|Reksa Dana Premier ETF Indonesia Consume|1046|0|0|1046|0|0|104.6|0|1052|100000|J|1018|100000|B|0
20170112|XIIF|Reksa Dana Premier ETF Indonesia Financi|617|617|617|617|5000|3085000|123.647|0|620|200|J|601|100000|B|0
20170112|XIIT|Reksa Dana Premier ETF IDX30|489|487|480|486|6100|2969000|127.895|0|489|100|J|473|100000|B|0
20170112|XIJI|Reksa Dana Syariah Premier ETF JII|713|0|0|713|0|0|105.318|0|717|100000|J|700|700|B|0
20170112|XISC|Reksa Dana Premier ETF Indonesia Stated-|730|728|721|721|5000|3605700|144.489|0|742|100000|J|711|100000|B|0
20170112|XISI|Premier ETF SMinfra18|355|0|0|355|0|0|115.26|0|362|100000|J|345|1500|B|0
20170112|XISR|Premier ETF SRI-KEHATI|316|0|0|316|0|0|107.119|0|322|100000|J|304|100000|B|0
20170112|XPLQ|Reksa Dana Pinnacle Enhanced Liquid ETF|474|0|0|474|0|0|94.8|0|476|100|J|458|100000|B|0
20170112|YPAS|Yanaprima Hastapersada Tbk|840|0|0|840|0|0|154.128|0|830|100|J|0|0|B|0
20170112|YULE|Yulie Sekurindo Tbk|55|73|73|73|100|7300|33.953|0|0|0|J|56|10000|B|0
20170112|ZBRA|Zebra Nusantara Tbk|50|50|50|50|500|25000|28.96|0|50|153400|J|0|0|B|0
